,0,1,2,3,4,5,6,7,8,9,10,11,12,13,14,15,16,17,18,19
0,-0.1131090316015052,-0.009193086166864928,0.030556694987682303,-0.041326074158326134,-0.009012797616690882,-0.01685832178143917,0.008669132240011155,-0.03158909205607115,-0.0363497262296878,-0.042405007198342885,-0.04631165023738675,0.04364265165639665,-0.006976513182839514,0.031116762171136892,-0.0431623238641121,0.15797564151433227,0.09241726526916844,-0.08089056493337783,0.043220382813868495,0.0011833186631219962
1,-0.11310903160150475,-0.00919308616686454,0.0305566949876825,-0.04132607415832631,-0.009012797616691036,-0.01685832178143922,0.008669132240011139,-0.03158909205607129,-0.036349726229688066,-0.04240500719834289,-0.046311650237386606,0.043642651656397004,-0.006976513182839697,0.031116762171136965,-0.043162323864112166,0.15797564151433233,0.09241726526916848,-0.08089056493337805,0.04322038281386843,0.001183318663121902
2,-0.11310903160150482,-0.009193086166864997,0.030556694987683763,-0.04132607415832638,-0.009012797616690861,-0.016858321781439176,0.008669132240011201,-0.03158909205607128,-0.036349726229687955,-0.04240500719834302,-0.04631165023738657,0.043642651656396775,-0.006976513182839736,0.031116762171136934,-0.04316232386411224,0.15797564151433224,0.09241726526916857,-0.08089056493337801,0.04322038281386843,0.0011833186631219027
3,-0.11310903160150482,-0.009193086166864903,0.03055669498768257,-0.04132607415832634,-0.009012797616691076,-0.016858321781439124,0.00866913224001112,-0.031589092056071216,-0.03634972622968799,-0.042405007198342906,-0.046311650237386606,0.043642651656396886,-0.006976513182839546,0.031116762171136885,-0.04316232386411209,0.15797564151433227,0.09241726526916835,-0.08089056493337791,0.043220382813868446,0.0011833186631219122
4,-0.11310903160150482,-0.009193086166864902,0.03055669498768258,-0.04132607415832633,-0.009012797616691604,-0.01685832178143848,0.008669132240011299,-0.03158909205607125,-0.036349726229687934,-0.04240500719834297,-0.04631165023738666,0.04364265165639692,-0.0069765131828395935,0.03111676217113693,-0.043162323864112305,0.15797564151433238,0.09241726526916849,-0.08089056493337804,0.04322038281386842,0.0011833186631218927
5,-0.11310903160150372,-0.009193086166867957,0.03055669498768279,-0.04132607415832758,-0.009012797616692048,-0.016858321781440033,0.00866913224001209,-0.03158909205607256,-0.03634972622968874,-0.042405007198343767,-0.04631165023738816,0.043642651656398586,-0.006976513182840023,0.031116762171137815,-0.04316232386411415,0.1579756415143367,0.09241726526916977,-0.0808905649333794,0.04322038281387201,0.00118331866312253
6,0.08367311712823218,-0.0935982269463031,0.017218862117775843,-0.033799218998445846,-0.03094570846925393,-0.031408144492420575,0.027863623459285447,-0.04007862213243925,-0.0689567550007329,-0.023941014621638695,-0.06824371978011665,0.05863072251584019,-0.04416836014311545,0.012031497232061091,-0.036391777623143766,0.02432568004799195,0.04335469342258087,-0.030155844722630783,0.05048892431544356,0.039580541338999825
7,0.11474520878507377,-0.07038372159076245,0.003238179633865716,-0.00939185991966374,-0.0187519832352655,-0.01459847884055207,0.018800420314386335,-0.009094556008527314,-0.030225109198878664,-0.0040530656888257965,-0.023033705884804023,0.01668001631290278,-0.0234491907432748,-0.0050803474110672625,-0.008673683218029297,-0.0375784648392266,-0.00274162323486765,0.012396789533584803,0.015942985632669115,0.0204981430860595
8,0.12043551637193546,-0.05906005115673017,-0.004059736824449086,-0.0015268522551751748,-0.016089157323804674,-0.005703250486555798,0.01243344921144876,0.003460334585766379,-0.007042766864624652,0.003674866998321592,0.0007278227046487043,-0.0031649422735542956,-0.0009102041165691823,-0.006926616963024023,0.0035404603937268186,-0.04600440256110408,-0.01745706138459251,0.03682249570135967,-0.00155754871798211,0.006106681727034016
9,0.09493268449284521,-0.021638916630807494,-0.031112605258904375,-0.011035958811654855,-0.03795607993297085,0.0054822381011865665,-0.02995997729836879,0.010791749731385178,0.07709933416464566,0.03186903636682397,0.0654762332864331,-0.040125386619931425,0.04821300719350234,-0.035322181622059766,0.020882945077545678,-0.06105439701415625,-0.10322749095023971,0.05892382269295899,-0.05801002355240404,-0.04662357016363569
10,-0.11193225051614422,0.05121541462297627,-0.01847850363465327,-0.031301316634590584,-0.014894130666207091,0.002803948548274471,-0.0407287693839272,-0.016584537000602022,0.04542406002950808,0.01823667529698879,0.026105872918802373,-0.0035644222225951275,-0.015022480850283801,-0.023259020217489566,-0.023207465910694204,0.012272183485509788,-0.05675946832413471,-0.07634105210503844,-0.01383459968318523,-0.046136868065110095
11,-0.11901936618075072,0.03214705532807012,-0.017830445200444398,-0.04249585854091442,0.001346350109557231,-0.00529462034274511,-0.028308742483122734,-0.02725410007307696,0.0107323296770351,0.012006889149299444,0.0034885004632487938,0.014732895374832307,-0.06757159921979142,-0.013929939427910354,-0.05802511871901504,0.008341321485570641,-0.037542583018672596,-0.11785488238407983,0.027052232145231715,-0.028552377540846663
12,-0.0837136156585371,-0.005554287283219462,-0.02399159405336204,-0.05609852320526037,0.02989988608373741,-0.025266416194126864,-0.01376941629689788,-0.0414276559064702,-0.05017288394852782,0.015781166709212115,-0.012406128557559931,0.03998275118722666,-0.19419567970978482,-0.029325127965531994,-0.11503192101754772,-0.10208130350976502,-0.04881256470089086,-0.1548997551651845,0.0907585645396595,-0.022476265384929615
13,0.11293550027572287,0.00811364165486128,0.01690786374600358,0.08615696380468453,0.026570983227365796,0.014289653221039127,0.019137555532706102,0.02877711248215883,-0.030923937277909964,-0.00026480592639450615,0.005723227177102701,-0.002943631133746379,-0.006812222118936975,-0.006155608177970593,0.02548171548637733,-0.0864746654884678,0.020021720352966288,0.061432456643429195,-0.008694613994340654,-0.006434310727976816
14,0.10675946866115668,0.026051715086768224,0.024535639886074836,0.1087274527155734,0.03477269252090975,0.025379247724058092,0.011900349025421218,0.03840973355616959,0.003244735888915353,-0.007944261163019904,0.006797343902908879,-0.02414218825802064,0.05984839044511108,0.008775957612546173,0.05390995945181628,-0.014970304446718378,0.03834515076677761,0.09474499711887246,-0.031008121714148077,0.005471370926781822
15,0.07475013596526331,0.02223998451371387,0.042778582107527635,0.11591186923910607,0.062149650372065615,0.027078440368748066,0.00982764524170644,0.046508609629499785,0.049651122666730566,-0.031699629076210045,-0.000697516293645623,-0.054642305519338095,0.16727161832361803,0.037178212843569765,0.11683405496740444,0.08671794724965777,0.0877280503645613,0.1774182014226512,-0.06262475834354563,0.047810729061664545
16,-0.09195783553907486,-0.053798710213665564,0.03283926977874842,-0.047649139795448804,0.03180435412733787,-0.014100387882061943,0.014160733387884093,0.001097614489803288,0.043877942932567915,-0.04431666075659197,-0.015814336730182628,-0.038454686902404354,0.14641535557457175,0.045412172730041285,0.0794700794870656,0.13854688966977888,0.0661692260592511,0.10568067590376125,-0.03783869195839693,0.0704274599012782
17,-0.07622295890720786,-0.08844742956147082,0.03294103125735856,-0.08054152089107582,0.014787499490045033,-0.024310125469665246,0.015429276020162315,-0.01673565693793097,-0.055242672650478816,-0.025332498185699163,-0.0112596416159761,0.01895282114950072,-0.05059029275805598,0.013312822313001222,-0.07948332679928725,0.03423595033068723,-0.023586733524446016,-0.09740082974445537,0.035339473539895805,0.0066141856758795406
18,-0.04258165514522476,-0.033050388763487724,0.031977063235690203,-0.02994427572924862,-0.0017775550019436415,-0.01479862050464392,0.02283425651824853,-0.019615137164063164,-0.14360228350860002,0.023766483953036557,0.0002007790377853303,0.08825984805586323,-0.2366999826120224,-0.02959307056097968,-0.21149715809869443,-0.10869221781709666,-0.09310126180047365,-0.27349654130515433,0.0849205776924054,-0.10323635977954454
19,-0.10277153217825861,0.06860195149828387,-0.04433123994096125,-0.043962681771419466,-0.05042346734577288,-0.0033020210226122225,0.0024279499046642224,-0.019298756103868057,-0.006380852419656068,0.03605883884934129,0.0049263067988643576,0.02203438791027928,-0.06068608421895991,-0.011585897942203648,-0.018566686476048012,-0.04233626769055982,-0.026658314403788044,-0.05860114489041285,0.026101695404531472,-0.03643036878260689
20,-0.10090958052336897,0.06734872472722365,-0.06341840984058282,-0.059366123626115465,-0.05295557739672684,-0.0021992518460162234,-0.013747972231646059,-0.014646756652199847,0.038737971252080984,0.02582982619562635,0.00708399166516756,-0.004928742694653498,0.0024591117379057174,0.0018299662926120042,0.03154768514889063,0.017253720810615793,-0.0023696055911959766,-0.0032735788104700527,0.0057631878433225744,0.0037341777490108087
21,-0.10551948689456138,0.057014985982041376,-0.06040983224288016,-0.06524769286900922,-0.040180983117686406,-0.003019003167293541,-0.02410179242485994,-0.012848090703368693,0.049911708111167706,0.01773506146888354,0.004613735776145919,-0.012062045854119978,0.022783307571332775,0.008105987393077545,0.03303928823225535,0.05187146477267522,0.004852820381538479,0.0013824517561842468,-0.0018314962218053425,0.019968832559618042
22,-0.12249309486735425,0.040422810820424884,-0.01454493401003281,-0.037732876683270626,0.0033931752314613857,-0.001424755496028001,-0.021607125555497177,-0.009123060087465305,0.0326326519898801,-0.0009874991204984595,-0.003482388992752673,-0.005929487583857248,0.03732706302672277,0.016279894067522567,0.013562133613787733,0.0637731196944992,0.010618555528883208,0.005687233413085915,-0.011670038578279602,0.024780988431552787
23,-0.08221383519897707,0.008696329444809638,0.10947705336678945,0.08455546943593331,0.09153665520398342,0.013803532933500819,0.012045323884951512,0.012111159031173714,-0.044195614814520084,-0.03628637140887221,-0.01502054840289189,0.02283772840776538,0.039265214463955596,0.026124937792838483,-0.03490806890409529,0.012142106122494823,0.015888265982418128,0.01988001246554435,-0.024765074194970794,-0.0020491464497063698
24,0.08110101007973343,-0.04021125995091321,0.09876649788997977,0.10445067690227734,0.05929635902692507,0.011773849853962659,0.032673068022567975,0.021579313037440193,-0.06998036865684296,-0.026161079908727992,-0.011474855914509686,0.026804100805259527,-0.006118823796012822,0.00309774276868483,-0.03872872550122298,-0.06000788537135135,0.0013113095349210704,0.013810027428092276,-0.0047907914167121726,-0.022774700962884167
25,0.11648880544248978,-0.054762402833925104,0.03629978649583454,0.04235608019770186,0.00946580098470413,-0.00016856609205784993,0.0239591884798896,0.010082865047572635,-0.040753238681257256,-0.008401392076768984,-0.004652026859767101,0.012310371565585053,-0.025780682388939234,-0.011943923733966891,-0.019723528712660834,-0.05860476066273026,-0.00878289366141743,0.004456555905489383,0.009030348222195271,-0.014291149702525157
26,0.12012908675002927,-0.05950922640592317,-0.013892079570076772,-0.009123806287181102,-0.015486122812556522,-0.007833398708989749,0.007398797568845689,-0.0022752508192194192,-0.00810229469716893,0.00208810057711194,0.005404477119165691,-0.007217019811620153,-0.038555256269677485,-0.02339365435095128,-0.006536658520748921,-0.04232248127127925,-0.016441841655387448,-0.007167347787006519,0.013652153252190264,-0.006028394387720952
27,0.09765022569253179,-0.051991628927098014,-0.08313099051790772,-0.073734610302586,-0.023441240525263685,-0.012296084277042664,-0.03387228175205556,-0.019938842261392763,0.04952300666533947,0.00964755761977568,0.024322700042909616,-0.04537959524001516,-0.05361975935064899,-0.03822299464637157,0.008157938089086651,0.0011469220423971811,-0.025347408733342007,-0.03256899404429377,0.004085208947229201,0.006609975361330209
28,-0.07514642596407328,0.019621164201014608,-0.10635483377415614,-0.10743841461027495,0.0027788934613135865,-0.004872190629487061,-0.07380008052273801,-0.03191935553389872,0.10020119494658103,0.007170425036649768,0.028102544738140837,-0.06432398992035493,-0.017498806703413923,-0.021954279835360305,0.024015207715720566,0.07714807151030868,-0.006832620654034697,-0.03837050805543399,-0.030827909870098705,0.017998621591552345
29,-0.12343376002483267,0.04894176385355305,-0.004638710377675955,-0.020168525378187138,0.003555668828243763,0.002293996873270894,-0.0089612756227565,-0.006309482061383412,0.02383317121044399,0.0033315104800178226,-0.004119736199529108,-0.0014399048144742854,0.037650099216976825,0.01595201144967196,0.018476413213506054,0.03382850270483103,0.01627907778854543,0.01653404142945059,-0.01978798150088711,0.005444785198133319
30,-0.11548798466467113,0.06416982407965406,0.01583472344548702,0.003575259083537818,-0.030010332281961302,0.0016254603773149389,0.026777575442329078,0.008178607409840954,-0.005928017792930418,0.013490904256049664,-0.019592380938018614,0.030755495125618475,0.07218231824312016,0.03740674634584014,0.027919556481341007,0.014094760699532576,0.02319874973732847,0.047960443358363934,-0.005326177435491264,0.003588507142778345
31,0.006229248454276316,0.08983636971578317,-0.032995416406914356,0.001997413343911583,-0.16101617048211725,-0.0039239685133571865,0.06359308309139833,0.0416755322435361,-0.033071788538291486,0.04967938523936238,-0.04907087293416506,0.08751611926923802,0.14535926213051822,0.08894604374677974,0.04612133554789015,0.060111274116861846,0.04334002938764047,0.05768670781626603,0.04553676973641844,0.017421279581154997
32,0.11807256493971073,0.004018056854118513,-0.04581182844363827,-0.0038899596704339593,-0.08238777347995493,-0.0028902893133323465,0.0006498669108251,0.022032068785198103,-0.012687571358575914,0.01587870834095425,-0.01676748464254374,0.02783874842350367,0.029935804407826245,0.029192864325206166,-0.005501801800348956,0.07875929579093965,0.020557494097002745,-0.034288105347837716,0.043413433149596184,0.019781256852147044
33,0.11622098967347697,-0.018191259774597714,-0.022950384539065928,0.01560529234289173,-0.015255355001368123,0.0029712019043682484,-0.046946803918372304,0.012387993559839598,-0.023899609982725806,-0.027389128865929015,-0.0089689380203955,0.007082037436909051,-0.03832512218758134,0.014152593321626035,-0.05465553406771241,0.1619534109225785,0.036298766551543904,-0.10293385281295252,0.06935379701055173,0.03892201102933192
34,-0.09530350550808,-0.008869752467011032,0.07742378155370004,0.04193744638882878,0.09970352216528157,0.006148478232175571,-0.02504431815866072,-0.014325556044509098,-0.04798228489185006,-0.05645348562001669,-0.0008209722019407537,-0.003158553689964071,-0.07034255379636048,-0.0057404705314237,-0.048786515260022534,0.038699537078577574,0.016974678725364407,-0.024971617743836248,0.02898959048281241,0.014867719862395974
35,-0.11108087590010746,-0.0006681969333043713,0.07486433766276596,0.03409538482363962,0.07863403853549573,0.0033974664593038884,0.010263737600069463,-0.012784712917413956,-0.029843231464479668,-0.025251314089138596,0.004050219143998616,-0.0011564228361987932,-0.03309380498729256,-0.011437594546894437,-0.012239670568182563,-0.055150076609244224,-0.0084926950597418,0.028177711694490157,-0.006830999374167602,-0.00776935574961004
36,-0.11375811301623105,0.015935044979456935,0.0649444108496962,0.03828002967006403,0.06967667501202478,0.006469058544550028,0.023824423793166793,-0.006888862816762186,-0.0008315112777988543,-3.551438202594945e-05,0.017463081479185242,-0.012252165651973209,-0.004966760738734047,-0.01956279518906313,0.013470845078207215,-0.09984908282632556,-0.030284549501375015,0.04659974144971746,-0.03596312471228777,-0.026212266585052477
37,-0.09123110424067474,0.07025323626763583,0.013582185568955733,0.052077782795639245,0.05400821237962052,0.020730471463933864,0.010262260507742479,0.016784538434495323,0.07908863151567266,0.04182203188641956,0.050854914337922504,-0.053480690441593016,0.0503323452924397,-0.029990115862514304,0.05586281569024962,-0.10260880308057427,-0.05653344709688553,0.030511585885105073,-0.0978188228129932,-0.05443646059153532
38,0.08118934932121408,0.0712244463883732,-0.06582088515597087,0.04585012546596688,-0.012908375204506342,0.02601765925791754,-0.034583304506467405,0.041724834998638896,0.095238922713891,0.04088894792348966,0.03822362090272678,-0.0531125684956512,0.06474793081423912,-0.006471347584601718,0.035068465033075404,0.04030064503411016,-0.014393542529698352,-0.05651246743970665,-0.07645843035883639,-0.03223078427842671
39,0.12409194632999178,0.011959965787557833,-0.037537915798113525,0.030562675065047132,-0.024350419793319377,0.011500537128046896,-0.027533192736419965,0.02433804146078715,0.01756143090929036,0.0034031817925459186,-0.00043349590713953785,-0.006687799440920051,0.018334256068974528,0.009547593703334396,-0.01239994325455914,0.07456550173384108,0.020202429535848977,-0.060035387630557026,-0.005165787758804664,0.00044007444329144396
40,0.12551939793379563,-0.028822890728965656,-0.012591920068450418,0.01483852309920398,-0.020965886843186593,-0.000660834988106387,-0.016476791805619062,0.006512772709273038,-0.030652506941586766,-0.01847006805105649,-0.022045147716914962,0.022790477434821363,-0.013308772343168065,0.014899471897891746,-0.03838423772689955,0.06816552731393355,0.03182079964551639,-0.04623755284508768,0.03360458324318144,0.01600904416999793
41,0.07198067722195553,-0.10223740461788074,0.00447116555112147,-0.06693712246053914,-0.028700047505927563,-0.03047092439864929,0.010605028542231996,-0.035672180696885825,-0.08469834405564135,-0.03530204417519178,-0.04819107815735703,0.06035958703967356,-0.060499914853520485,0.012217146171037755,-0.05237361608393664,0.009928414210756076,0.028153761595941674,0.005361734806785908,0.0746467009072814,0.033156213664921705
42,-0.05552100635478904,-0.09173329011326946,-0.015687372092690093,-0.13827966689686835,-0.04523101772026191,-0.040733593676161514,0.03417202658502219,-0.04821415698800605,-0.03791634274419092,-0.0013744664657848694,-0.026361212852087097,0.03285936926754002,-0.048817732602199966,-0.010322093313789115,0.00703505995012804,-0.07722906404546243,-0.010641404452110372,0.06752371415380037,0.03930616995909073,0.02216472327122535
43,-0.07320354483217087,-0.05224967584366015,-0.052772664278533644,-0.14838545244384121,-0.06883334384199426,-0.03313324285884189,0.028701994308624707,-0.03362565022872979,0.01762382558096261,0.024067772588214298,-0.005275687778158518,0.000636559388434117,-0.02316516533010362,-0.016752832683487918,0.042408339691545976,-0.07103164758541507,-0.017225077054034324,0.06700893115038037,0.013121330375835355,0.01763664384948623
44,-0.031353210464511436,0.0026580308221977474,-0.11451439580732135,-0.1432003336613997,-0.10942387487577922,-0.01679867432980411,0.0021001943092054318,-0.009450176526439737,0.0813738664192111,0.04453261667901011,0.014705719634589075,-0.032855755381797136,0.001407406963373762,-0.011823407687563644,0.06309490724212008,-0.0016946268507467242,-0.0038265883016309807,0.035560805865084116,0.002881302903334064,0.023479270805022136
45,0.08854088616877259,0.07711170480496775,-0.006209312005847004,0.10789225555337623,0.009766710871618263,0.03838464679664147,-0.039582992392052437,0.03981636481273131,0.03663117195838394,-0.0013723235346107653,0.01637487192295635,-0.0190275842079328,0.035178355591102925,0.01825816252022288,-0.02191049691015564,0.10487650572955562,0.017512935610831754,-0.061525141244947935,-0.005765922356551324,-0.0011442938605904546
46,0.04798556730717516,0.051239480371662,0.08449702388424624,0.16147690092731612,0.07473763171263038,0.035552326302897515,-0.012886025144320173,0.03034369577976916,-0.030584602602167117,-0.02449118419068054,0.0010802229243369894,0.012417838766056797,0.03245331350375438,0.01724039658938183,-0.048566173215858835,0.04066659693195041,0.002181257836718535,-0.042310216457221925,-0.00924650130213309,-0.02031387848907187
47,-0.02837223814155076,0.03057171079843699,0.12281714447407521,0.14416027767225492,0.08953197289281407,0.022792533017564315,0.018089479109862,0.01659960751641709,-0.06080564406099077,-0.025870110414564683,-0.004996125168406357,0.02429350419929043,0.03142707120413963,0.008664691094448649,-0.03792541952512179,-0.0353631003939227,-0.016118451945106905,-0.002921624676313247,-0.017947085145277417,-0.03354467078648468
48,-0.11050353542939699,0.0026662734235348663,0.07976065420760227,0.03337330024601314,0.04745199209077018,-0.003663112807588476,0.042646473629596844,-0.008270398446045598,-0.044592136473138165,-0.004589184074400336,0.0002182200541951309,0.009418792973510864,0.010583624909662746,-0.01020139244889283,0.009771629157670004,-0.11098881639819866,-0.03340997757272482,0.04278199840791065,-0.025463373103949593,-0.031151688054127075
49,-0.10580619451609637,-0.01069684806432095,-0.04951894004360383,-0.1043394806476926,-0.024206214923334586,-0.023573285939746093,0.024297095643975454,-0.03050784399482352,0.030677746282693867,0.026712637404723034,0.02041789346921465,-0.031051422745086578,-0.028783874860482592,-0.029031748768822214,0.05814863541526214,-0.0992438625074973,-0.03326671176836873,0.0369499329701829,-0.02151741196632971,-0.0063920758499888645
50,0.005953280832497448,0.003465903820416693,-0.14730278418285941,-0.12585524749575555,-0.0426486803904934,-0.014974307324920883,-0.03982951495501682,-0.028812470227404834,0.10640849994670074,0.028767985411151786,0.034110575042336125,-0.058245845183059905,-0.04171063610320893,-0.02197515734328699,0.04288686302553364,0.039182800278878493,-0.002050373871880668,-0.03330358808627504,-0.006724556059581122,0.024362452711862142
51,0.07546577107241498,0.01200726695632429,-0.12712072080078698,-0.05811333594820649,-0.007631483958711398,0.001293429214391659,-0.0739942071917705,-0.014252383844437472,0.10767933598509113,0.005402010223613619,0.025581848205523103,-0.04558866589144197,-0.018048453485189284,5.1397178129835e-05,-0.0009836561302541662,0.1395725980368414,0.02361027428426019,-0.07265871060289132,0.002850991350952648,0.03366154009364913
52,0.10240184621205865,-0.003171249846034833,-0.061773132418109236,0.00754806487295759,0.02950657986524296,0.00948523977638856,-0.087158184231782,0.004770901476267365,0.07417617631918844,-0.027822894228469883,0.000653443320928461,-0.014052993786979898,0.023084137897441234,0.029083181586207197,-0.036905682901086985,0.2264913542717572,0.05483100481636195,-0.07299410801450655,0.01976567849418279,0.04558530692239075
53,-0.0428261025641261,-0.0519526876605849,0.1385328193039234,0.040457717864609784,-0.020434472530904364,-0.011716168325647596,0.042773477353252785,0.04633263872345175,-0.11632126693723746,-0.03712321608510192,-0.06386400042037042,0.06337176783308969,0.07167091364578752,0.045472504355268055,-0.001479161085561234,0.059078116333136976,0.06929238886533531,0.08442925557609249,0.04076190005241468,0.0205041776401825
54,-0.07892834439586591,-0.02642202513663207,0.1127413762220207,0.005460772290909499,-0.07426008629850467,-0.015797939353143987,0.0803308249606288,0.04676786737290751,-0.12639226092213565,-0.0015447393472086193,-0.046298635890318664,0.04379523840471174,0.034549865803938276,0.018729790589109622,0.043870229424999005,-0.07036633467761585,0.03854846020076162,0.10337816813437292,0.020071946686191007,-0.00879343162127625
55,-0.044418873240723224,0.002324246037426829,0.11161092302443107,0.026246441367327678,-0.12777615247460933,-0.006182358362570134,0.10174400386456679,0.07948757603883629,-0.1541340547950355,0.019659467158992736,-0.04002722033716618,0.03132271686697595,0.010621581399066988,0.010192157318355276,0.07454737989204088,-0.1189807799358996,0.04166792697538341,0.11198476453564238,0.01572643424919201,-0.029159271954147657
56,0.09526703694496534,0.042808568539369145,0.04451328389194566,0.08883021716536209,-0.06786453730167287,0.02588394225651015,0.043040967862612765,0.0695530510985735,-0.07624544938927236,0.02791981778108797,-0.00034153698056616985,0.002673332720495261,-0.034846858048958575,-0.0069035370664096395,0.025023631043546515,-0.06974621602080656,0.007492120890777393,0.012055754103048398,-0.001803056408231871,-0.040589664225686016
57,0.10580608610229672,0.04377315783907086,-0.023015758826377887,0.08519705754066206,0.05882398221651742,0.03252346005634662,-0.03444894787792008,0.0021738008947819916,0.03938927963136415,0.008789666415416533,0.028493587834824745,-0.010584707906022289,-0.03639876042457858,-0.010839476825375088,-0.055448140163307236,0.0074426893249838946,-0.03999048254843587,-0.08283320804554348,-0.023444160423870812,-0.02692937260535784
58,-0.018294822528915816,0.06035364201122462,-0.05229499046226223,0.06423862829891845,0.1719122503892055,0.03165190964718727,-0.08095155682941771,-0.0695221639319769,0.11880652347896611,-0.01285810861445899,0.04971042198159685,-0.015338877388320002,-0.01529818142647292,-0.011487745109324722,-0.1172662350301592,0.02529506897229184,-0.09065065820811696,-0.13065559091072995,-0.04779304411962121,-0.018694620792219035
59,-0.11122919526923118,0.039445668068440305,-0.018796702604884613,0.005718162490610042,0.10035848344673863,0.009435671457978665,-0.035238204866073604,-0.05581296380447099,0.057534887600266135,-0.011874265409546378,0.028862585136810594,-0.005989534811239969,0.004801588426768052,-0.007636577435366523,-0.05333161263027661,-0.011820963120655958,-0.053266839172716046,-0.04726959495830976,-0.025021054374096678,-0.0024319623115172284
60,-0.11760670577420856,0.01983901201379633,-0.021600079688766646,-0.028956127335959897,0.08069428271978374,-0.00407765480571322,-0.014152656479393752,-0.05695613011588208,0.03345530820005489,-0.010581390630932722,0.027051485288976763,-0.010440758487824596,0.001266499342696252,-0.017946283953327383,-0.019128744254243043,-0.06267720598420924,-0.04717496527465649,-0.0036270347703753103,-0.015291863060464136,0.012945816150137993
61,0.08781114316503388,-0.07380278222118601,-0.057287315377903394,-0.0803777462346009,0.008161709578585821,-0.02832225161343828,0.0101536497623107,-0.03190852626929299,0.0024642215436041625,-0.005636849856823926,0.0052924571845010685,-0.00999071451081697,-0.023953732693207684,-0.03063675892757512,0.02430277452196504,-0.09561011328130042,-0.02056266451533464,0.05308671974772621,0.020104624580691153,0.033734798768844436
62,0.11592350701120269,-0.059608396785654966,-0.031934316130218666,-0.039747563109423664,-0.026809954296369197,-0.015193528029108658,0.004279525643403951,-0.0007412237243278434,-0.007545339530175633,0.00011512654442334463,-0.011077812478353342,0.004309012678464261,-0.01862097437827079,-0.01027482861165127,0.009816905492105269,-0.0239544827459932,0.004906089982427463,0.023963873342339518,0.02369888078570507,0.01478247550958598
63,0.12091468762488441,-0.050774802321842456,-0.02390464361192851,-0.02463156304384777,-0.038490970362302444,-0.009823159185277215,-0.004048104377678646,0.006183287495707758,-0.01113440481229352,0.0019058686700103421,-0.021733980596518616,0.01681102766812671,-0.01504019068585371,-0.0009488789932876903,-0.0021671464759013335,0.008753546792933883,0.014804653631722066,0.008118384464670381,0.02654740565714325,0.007311181061796813
64,0.11362024245234564,-0.009434807281417068,0.0015701364632488782,0.02243003286407525,-0.08012731977651658,0.007246024314078255,-0.037967312886693985,0.025128985654687564,-0.02958227206206103,0.00488539678575064,-0.06392886903996964,0.06919881099945517,0.016198608123419975,0.038022482980712355,-0.03653264846430338,0.11835749876846914,0.056615655788404044,-0.029919555108936728,0.03196203317662757,-0.016211948301490593
65,-0.10356716859169751,0.06996629176153035,0.044709714769362086,0.05402982937725339,-0.014638398898823582,0.01981092204216742,-0.020212410242374457,0.012542537177802439,-0.009384774135081111,0.0012811403592542594,-0.020667875826823404,0.030417871160111628,0.04330391392559722,0.03416180803002937,-0.020741142441006513,0.08066443994983234,0.0294854499687676,-0.02693088469747818,-0.015977752628759476,-0.02177974084979772
66,-0.11845721798071132,0.05248901133847147,0.04154533299934709,0.03304540440031807,0.004129626209173861,0.011883992388309998,0.0012618309904939584,0.0032343747965699957,-0.00029816594250098804,0.0014365096638570647,0.0014950773085201162,0.0036884233456058353,0.029699669446901448,0.014464620838813898,-0.0009299522209799487,0.027522106525010713,0.007386799336640262,-0.00903022340890591,-0.02187376474796118,-0.011232305263102371
67,-0.1248346214221489,0.025424267473028627,0.04569102168197593,0.010254807714220746,0.009389646492236647,0.002054848269759596,0.02548543052731087,-0.001769653292776333,0.0021482310768293706,0.0024303200365050773,0.016851945271629108,-0.01865031794803874,0.018230354784016627,-0.0006635156805160102,0.019866164962577995,-0.013681479627426604,-0.010461664153056117,0.008004751213874495,-0.023357288273439476,-0.002249629708364981
68,-0.055337396769328695,-0.0981199558387,0.04303033789301635,-0.0700558960883261,0.017558797479668046,-0.03318696407963012,0.10080638173360015,-0.009240805171824367,-0.0016074439062235407,-0.0028152706043276295,0.05827817294637909,-0.09301634410356298,-0.03531781470845285,-0.04917821269678655,0.07663964114725,-0.12807719769900008,-0.06276636851515001,0.061472968833789284,0.003906633725372444,0.02260803751383677
69,0.09663997975310851,-0.09048026227737838,-0.016059105762327,-0.04524521951173478,0.01386174748158263,-0.019992188374672613,0.0438153351173686,-0.0063587747612117,-0.0029427041835581903,-0.007179255654032685,0.027087549368460206,-0.052124240916248565,-0.048147434073951854,-0.033411225548813574,0.030864136718580765,-0.062144544550879685,-0.036498545244607085,0.02896323521387398,0.03321058339867223,0.013165686537590562
70,0.12009274870251789,-0.04689467875693035,-0.03599330184406566,-0.004444138364561114,0.028985010406684296,-0.004608613986321424,0.008175390259327064,-0.013624607351110488,0.010303688256877174,-0.010324996556840563,0.014841948261074666,-0.026504882905300384,-0.04086880063750228,-0.016332972731829327,0.00691962522938439,-0.012418958578327616,-0.02089045815103905,-0.0019958988701738877,0.031245800570264885,0.004197555519891682
71,0.09886383824862748,0.04997896456807224,-0.06764380462947592,0.05817309470110827,0.057472644320474414,0.02017178911603357,-0.049478910409322015,-0.04295095218115632,0.0559393535626318,-0.01458859471978103,-0.00017327250511667627,0.023461809533150153,-0.020498053671348777,0.01310398526536744,-0.02585630070175075,0.047126384614047605,0.01054223345614215,-0.04703278584102704,0.005986587803162884,-0.003977384675644582
72,-0.02648008683420869,0.12134878544040277,-0.06155656891712079,0.052418771907466424,0.02060776587578249,0.024996068209134175,-0.07995340596012399,-0.04782809603597919,0.07538819997794412,0.002997521970617003,-0.02539783976754944,0.07489909295463015,0.017073835661570932,0.028892271780776548,-0.03974770602072676,0.04384680810363101,0.05168584013079106,-0.05243930196788474,-0.04669708512168291,-0.005837344044958378
73,-0.07949006607942669,0.08533196720692478,-0.05694215587128569,-0.03463400047058632,-0.04984352918967723,0.0001364920114211739,-0.06105926942410983,-0.004543889749431072,0.048500048672581404,0.02767964236604242,-0.0410425458168832,0.07527927422225392,0.01853563174243133,0.01015567524606829,-0.025275184589201204,-0.01163008200202905,0.06933681723307776,-0.029624468535948707,-0.07355341382534716,0.0064319818211374825
74,-0.04599198898164876,-0.017203980251822255,-0.0717380919268601,-0.15538916528404415,-0.09744972578131764,-0.030819149532364698,-0.0035365464127371103,0.08323226891613546,-0.027721270021646337,0.038993496626310915,-0.018697402890810115,0.007636175849853669,0.0006694693068190085,-0.012206720638284017,0.0068005171567508925,-0.03732206381308544,0.056109533873893266,0.018605619640948003,-0.05113332203714628,0.02670450054773073
75,0.0023706545427869628,-0.06502350325004137,-0.06481067957508028,-0.15928100440210732,-0.05205299877333577,-0.031870930343847394,0.03985209170708012,0.11782221626610057,-0.08208689169441474,0.012124539542852,0.02797454479740348,-0.07098218538199742,-0.002412680310110354,-0.008606068357530031,0.023875551185392155,0.0016834687096325294,0.015784434642322685,0.0469921355464037,-0.0016843870751960773,0.028100722793401044
76,-0.013904034409553321,-0.05856326990398411,-0.0408288013470063,-0.11925698031519139,0.018726339150095306,-0.019716247010944852,0.06968665799751275,0.1374821632565055,-0.13537749314955805,-0.026746923167071956,0.0755403467425867,-0.13645531987154993,0.011512062022570421,0.00624911305781317,0.03181078451436553,0.05475267538014865,-0.023390567268657077,0.05568634250410027,0.0255238315981166,0.03629169676512429
77,-0.08709930294223055,0.024788881604231466,0.07395351938462832,0.06321413107742753,0.0757388282995196,0.020303281789521885,0.031182678413249267,0.041290212132822135,-0.07560146424653724,-0.03711448217544983,0.06560216984037745,-0.08007413862977585,0.031260063898365345,0.021737303319794385,0.01921575361095571,0.07003492852146764,-0.04403378686566697,0.008698108736851949,0.029426087004753864,0.006609315478712705
78,-0.07365675829881764,0.0361801342536481,0.11149655983242904,0.11694958326848043,0.038268729041547274,0.029156228553939484,-0.011015971022269191,-0.019517433927885887,0.012028128367989926,-0.009022018533892767,0.01220607366961542,-0.00788169141787322,0.017408259361008593,0.006310750171553015,-0.0017727711406717638,0.034822548351609306,-0.019996430557816153,-0.017089134973945326,0.012236611247760945,-0.018741464458032115
79,-0.031279039220880614,0.002326274756946417,0.13780607251541846,0.13840915519932795,0.009256895764181577,0.03329882813727419,-0.019011904787472042,-0.035523873880358235,0.05806026785041632,0.008839339847962004,-0.009585767775933722,0.007884977438368898,0.0008400726648308284,-0.015707045640805585,-0.005418748854301913,0.027244439017636093,-0.012744604356233152,-0.032761163145862665,-0.006863943893360083,-0.027311075403458035
80,0.08189450244639071,-0.06866765632685216,0.08710745070890237,0.07593381941329114,-0.02596034105744715,0.012148171154063466,0.005037328352306303,-0.025605820728159496,0.06988129636306621,0.017397472781034717,-0.011667195392464073,0.0009456707841352038,-0.025756965221971764,-0.03081311503479191,-0.0033195002194694014,0.009352846849107418,-0.0022940739710436402,-0.05790241756276463,-0.024449820511847693,-0.023073429535603176
81,0.11450469519051665,-0.07048952597757585,-0.007583509741441222,-0.015673961805691243,-0.02481563124267721,-0.011030276988766583,0.017748370800827192,-0.012465766943841354,0.0322584757930323,0.0073131924000005046,-0.0008075520335393722,0.0026113464078035753,-0.021018156919779808,-0.013465891185762696,-0.011587499982922252,-0.009393649839331735,0.0013778696020908228,-0.0490622480616442,-0.010182181122552902,0.0006768069561374885
82,0.10999695759220364,-0.046641946227696074,-0.06726879148724017,-0.05696674944954831,-0.0034497829596804664,-0.016244252150255677,0.008101705948969678,-0.024861197154742866,0.014713718073131567,-0.0006251648408722122,0.0026294721742204496,0.027051194576021557,-0.0063600155182900195,0.0037502770702312073,-0.028290058234040023,-0.021312317179269506,-0.007600617688870578,-0.03421773402996991,0.0011514133644957639,0.012778026127123367
83,0.04685000940652679,0.042291628637762375,-0.13592906548528788,-0.06805781488175322,0.050652928607316156,-0.009071011910606826,-0.04614116967605145,-0.06086486672758079,0.0014007077378451402,-0.008536986983577502,-0.024271743983988184,0.09169041112065142,0.02829879744599859,0.02514100038998263,-0.05685120518811071,-0.05522753818187955,-0.022041438300567276,0.01841563962857646,0.011795553650738562,0.009827707416032387
84,-0.06370879055440543,0.10647563184048825,-0.06991492014973916,0.011200269654054736,0.05021623345458634,0.007277714395592629,-0.07131810261741846,-0.040272735474881485,-0.011186614937675452,-0.003830709864165366,-0.04644332127107818,0.06919478540543676,0.035265711958324855,0.017172695597646247,-0.01909007928767707,-0.048013475962523665,-0.009287236286247742,0.0805362469751969,0.017845340387512964,-0.0016695124830810814
85,-0.08100111625978845,0.10803069602975464,-0.026011741834808675,0.04446614018196521,0.02644804590643212,0.0052010208850801175,-0.06480195660814134,-0.016302840229455783,-0.025257039679422798,-0.0032266756976004137,-0.04854069147314176,0.03403117708031341,0.014358595192441438,0.002897461675112854,0.012626081315080752,-0.03341938814686608,0.003830423173215678,0.09694764172234092,0.019731261216595828,-0.007803284007330812
86,-0.0735259207760527,0.11304414111535024,-0.0137955447066071,0.054572742833490735,-0.0003586304482288095,-0.008616454403134447,-0.04891608291209466,0.008177339578078523,-0.06918044369343665,-0.01289993987607614,-0.048492412372405334,0.015410203232860709,-0.010139532726109686,-0.002299084131365647,0.036427291517374116,-0.036969579855753346,0.018770656883563056,0.09731028607200512,0.03376200452143811,-0.021550330376161157
87,-0.013355080017741707,0.10891132337751036,-0.04073133088941767,0.015859559686982196,-0.05883148572408362,-0.036899716787513775,0.01783407876018263,0.07749309554113747,-0.18596944925094477,-0.02834626809402075,-0.020333657798965316,0.01380445440686582,-0.02357690651250826,0.04177520756036934,0.053261518421058814,-0.07423631157648689,0.027232662516964434,0.03058223251171197,0.08899041593565112,-0.07729250871111663
88,0.0658550668856365,0.00881275939004151,-0.06409112588120475,-0.07932674500380288,-0.08180066911404114,-0.016064905183425893,0.08577009810330943,0.11207598725817884,-0.15084507357676863,4.365747001319059e-05,0.03286792118509544,0.022009418529630294,0.015765011044794927,0.08140914490444674,-0.0023798537388566533,-0.05273852587610571,-0.004946205718347344,-0.08845332976812881,0.07640939129162529,-0.08185222991154759
89,0.05884885512919884,-0.04992728758837494,-0.04971829740742946,-0.11280303344855713,-0.0787730965670585,0.03135871605031255,0.08292379642918346,0.10520383742239693,-0.038199254244883574,0.047628012456715225,0.0528984114574847,0.03485951042378788,0.0510367822003395,0.052719551567243186,-0.03997080435115234,-0.0038778827688333547,-0.020999087346368343,-0.11066407260850142,-0.01264984472120376,-0.04423326005829757
90,0.01739279161712303,-0.08326550665830977,0.03582293932146874,-0.0832943984139193,-0.06252715552484912,0.07683900869268745,0.029927956333971766,0.06728364619638594,0.12004904757194809,0.10304881880926055,0.051859941433314294,0.006895554795051141,0.0519509399863839,-0.027702887391455926,-0.04642508634448278,0.039486396955355836,-0.02204735198375613,-0.07454199159189928,-0.1532044228162478,0.017776794838610693
91,-0.019731679474766183,-0.08300402907012026,0.10999278258643973,0.017757034886179,-0.009589427915529664,0.0463936845661362,-0.015655918701476923,-0.02428022577164687,0.1534829745371566,0.0638109917783021,0.011662656339746912,-0.039427582909216885,0.010009349735178313,-0.08395518729396187,-0.03586685317572842,0.05190297012956738,-0.0032614330037274053,0.0009149552730977754,-0.12509743918274693,0.08154500964251446
92,-0.036281540634382416,-0.08188634352250548,0.12418457006342556,0.04275383770581579,0.009355370701023494,0.001400518400784645,-0.0008847454006846098,-0.06952611593427269,0.10139055772750347,0.009459077260763796,-0.0031849461183953813,-0.04425861335698668,-0.02410457977237476,-0.06682155072717245,-0.019178960904235844,0.05978233015901893,-0.0016870167501790779,0.01901258240093341,-0.03808214386086437,0.08249350248899165
93,-0.06356155218579283,-0.07998740975946325,0.11308274273420502,0.013061830992567861,-0.009925448845910912,-0.030918458978572434,0.0345019125866555,-0.07599647585005273,0.04999153191602155,-0.022688452164713605,-0.0033532493884368135,-0.037341000695028936,-0.035851396906328846,-0.01769148594959875,0.009676751502153488,0.061891518795710365,-0.005690315384605308,0.0021139289730101045,0.02916565844088121,0.05295004344251099
94,-0.0877907433866555,-0.07366691007048111,0.06696046607170525,-0.030443945674103867,-0.03891709423648576,-0.03911925422035385,0.07079065952616834,-0.04967921090502725,0.005835283475383625,-0.042500227588262225,-0.0037914845087652534,-0.03526521160332379,-0.014791731932879377,0.024891271490370057,0.034218090282827275,0.05161698835323608,0.0003514796358857242,-0.0068885088870942034,0.05617812311159657,0.022165115500770226
95,-0.07739107253815948,-0.07412640238059469,-0.011980013300454772,-0.0757126763855634,-0.03154036794811079,-0.03298329728431956,0.10312113172496731,-0.014279767325956875,-0.03143021761322596,-0.06760577901577888,0.01538675130871641,-0.05092517006689046,0.009488266931420682,0.059288069791677826,0.053339369086139204,0.05073645493865685,0.023138300862815733,-0.0043760968874987215,0.05122944080431044,0.0009249441778266358
96,0.05663186892852677,-0.03484435060075393,-0.11539544423683827,-0.05911209228099839,0.06881269489777997,-0.016392145668405377,0.053732991339059566,0.015682303133997686,-0.05506979620724762,-0.07549663566855186,0.04749265645339194,-0.03332977837703141,0.025659325332998494,0.04316510352516016,0.027174856166241674,0.019531694540585724,0.05227023403035637,-0.012140135789020196,0.004767748027798335,-0.029734397024135713
97,0.10838922255639492,0.007891362407979597,-0.07922624940185338,-0.0026955980874193222,0.08171966170094924,-0.010680380726093553,-0.01488194218440256,0.005409826435563151,-0.03710262829752534,-0.04082214534210618,0.013637895628160106,0.0031462814377264184,0.003519255659094693,0.006367549654911779,-0.006183793393495908,-0.011897041109783832,0.030523502051619272,-0.008539254635228297,-0.013123110361160324,-0.03302142611316553
98,0.11871590237098406,0.018690359589321973,-0.047526641887658906,0.029304847460809292,0.055531838870611146,-0.011373045445876117,-0.03272043175986169,-0.0038379976038820617,-0.03204239168701175,-0.02205689797163567,-0.01148858712133263,0.014791777591853706,-0.023194776638800794,-0.007858038363785593,-0.01071275914663967,-0.019463288007638864,0.0138122844769096,-0.009338071219606182,-0.0018841201019836147,-0.027624305230073302
99,0.1105441086013642,0.02599000193273796,0.015415621270232186,0.06871004314309678,-0.02518201571365735,-0.004363999508844267,-0.03218332355775955,0.021441150445069147,-0.028722090539641976,0.019360265380233874,-0.02369217784489323,0.004713009429653953,-0.07489092000555544,-0.041999167035909946,0.01054727972029169,-0.02687552813944119,-0.016684856864167572,-0.02656362187430703,0.0036853562133273058,-0.014155737359631219
100,-0.023614553649811777,0.01314303330482825,0.11587797004458165,0.05632565220647166,-0.13783083574725633,0.03266294231298625,-0.013763023870846392,0.10526713209526939,0.014977309379449823,0.0996364692616489,0.01945558222665806,-0.055874527920580466,-0.08956633591827712,-0.05339068742111458,0.06995302579427023,-0.019525340075387854,-0.03788299181585025,-0.0494101664151773,-0.026366713470514877,0.03706912093371325
101,-0.08816922022287516,-0.0062124138756810285,0.08944841676664068,0.01957532653379483,-0.09423466798646456,0.04557628638832546,-0.013340782847868781,0.10809396259906034,0.040802036907905875,0.0911973939606267,0.051344181459333914,-0.06826803620575889,-0.0335748993157594,-0.021869831151438163,0.0585993942901683,-3.6232697870688946e-06,-0.010338068731389817,-0.03385925364465963,-0.03211562298108739,0.05308744912455361
102,-0.11030719476662332,-0.013399165458903604,0.04688277145732462,-0.008044876823483734,-0.027633434284810885,0.045608191192248126,-0.025463310720958976,0.09792660748457571,0.05727630669695799,0.06837461511313023,0.072270938768046,-0.06434173371982908,0.01936971462746827,-0.0006757430016506823,0.031083270503715173,0.01846311036038214,0.001751192457018342,-0.009030930102609748,-0.02713037506816799,0.038658376846956194
103,-0.09671731686518635,-0.007788823242256338,-0.047866489918927925,-0.06725451584470338,0.09291431377899927,0.012080936345786015,-0.03862150722789713,0.03215377881599698,0.048115817249655246,0.004744180783668287,0.05283021799897466,-0.0029336692110040474,0.13276576224658337,0.03263732177961783,-0.03434304545583458,0.03761899465640787,0.005905969590188,0.048644095292047176,-0.008399214944056219,-0.032035829965934036
104,-0.014608683168766705,0.020360781853647418,-0.10678400659289383,-0.09923302087425052,0.1284562259848411,-0.040926408813286914,-0.009966702942561877,-0.07066529828806883,-0.0022530227290969308,-0.07258735999865779,-0.045191535602308,0.07507863911950169,0.16091206764498445,0.02432206174700843,-0.08412224459343697,0.047709005500063704,-0.004965416631973908,0.08352670089036057,-0.003171290276582445,-0.0953608434187977
105,0.03631532679860473,0.06901087918585538,-0.08594507188307976,-0.08360964715165581,0.060494701383151786,-0.057268980351292284,0.043444362483643986,-0.12027467066131721,-0.033695108007947186,-0.09881906851717023,-0.08817691685486612,0.0681780936045055,0.10058505893842234,0.008011557718863983,-0.07056517351759771,0.05073420163696045,-0.01965053114048338,0.05816299154366151,-0.005382042307477698,-0.08914489931477117
106,0.03222438693422166,0.1046151417490958,-0.05368810942177757,-0.0031338319412839637,-0.027727060609185457,-0.030813252818597942,0.10481580404375515,-0.1356791892141385,-0.061680779019084156,-0.09740558608350097,-0.05950068952283398,0.004894864555518602,0.010158391218184706,0.02151762568062662,-0.031056310298426437,0.022830887741748157,-0.02869397723756149,-0.016160218972127605,0.023958411712675848,-0.029157265105624525
107,-0.026819424920333058,0.06147470788787442,0.007727724454420751,0.1319064827880174,-0.04912833211803962,0.023030490023445115,0.07856078583810516,-0.09945866060156526,-0.03978884768713222,-0.04518350518745168,0.0051160688274193705,-0.05440180291233679,-0.1794256101953204,0.008680575467603851,0.0074936697474188236,-0.07471876144053416,-0.028082578444901824,-0.1074150859632651,0.0641915857258558,0.08557891690659862
108,-0.0494086080938775,-0.043787670903604754,0.006072404240977278,0.15684080191655436,0.013643310283762823,0.028129391424369727,-0.02439456315704136,-0.067856391171297,0.031029438957505488,0.01599723421693291,0.02647814836848358,-0.021754297607447057,-0.2130675286585539,-0.011925390718855691,0.025593990741804816,-0.12418398472670156,-0.015586941670371389,-0.06874442684424305,0.07028653337117025,0.09660787041232231
109,-0.029421570102606525,-0.08856188276708178,-0.01698123162600524,0.1350595985730774,0.0351824118321278,0.012933652703016496,-0.05643556298479335,-0.07235969734500247,0.05787849091020409,0.031165336287615877,0.008084950305111173,0.018914598940400186,-0.14714964078271967,-0.01649403362651538,0.01159292339920135,-0.11521553576255969,-0.0022956564468386165,0.01536696450324036,0.06033349417980701,0.05392269479226041
110,0.08869987117764491,0.01464765486743584,0.08007276941909676,0.00649690530755718,0.001192145962243946,-0.04888650054961698,-0.04743498838325565,-0.059540947216001845,0.034694191454456624,0.017509439775950625,-0.07413103364951112,0.07175245040846026,-0.05590555426785062,-0.05861378751507642,0.02948816860606208,-0.0425159355831349,0.05608766274182473,0.08892100337591757,-0.07135814265859727,-0.025178943973020777
111,0.09946938217052047,0.06449519201217452,0.06948256868159663,-0.03813328202292526,-0.03295156986711428,-0.029839565111207417,-0.001422433238528198,0.011767595074366019,-0.01832773518596821,-0.0026020733372114388,-0.05530989239081016,0.033257161822958334,0.03959907426291349,-0.014435868205757478,0.027766869656189408,0.04309689843540344,0.04656598100639539,0.039116216263006875,-0.07081714698944186,-0.027323272033170976
112,0.10947599187563106,0.04815664260071868,0.041055507140610396,-0.0038509960778560976,-0.04818435078928027,0.004930809666356022,0.018504306459923774,0.06221887479429695,-0.04597674094444671,-0.007343186607275317,-0.019082775767653257,0.007463995539232885,0.09342557935597812,0.030703845332948315,0.0181203497779491,0.08922704713310363,0.03482297723867254,0.00584737823651181,-0.019327041421222407,-0.01390455905109581
113,0.0583462869926665,-0.07189661476211413,-0.029940040698742475,0.024749307174378298,-0.007175290637519925,0.07533882213338661,-0.014144952310226513,0.17291883954190213,-0.07756311363751599,0.030842197775442212,0.06352639399031071,0.020341986373966756,0.15509100166022746,0.09692017702133972,-0.03589872601673255,0.09042569290469224,0.013621858653881208,-0.05923040666886117,0.08802398865773436,0.0061371884635314485
114,-0.05302124897477958,-0.11573976473191289,-0.05221242578069602,-0.02525823894950218,0.04090397418345515,0.04388552464948131,-0.05780364009059015,0.0960614498672174,-0.013836586629252856,0.05090933180945165,0.04327741066688015,0.048184094650585305,0.04524355408031688,0.04209764955778368,-0.05470934286005169,-0.02417707042539018,-0.01286460644584035,-0.03114977767326011,0.06244023019924716,0.014474760478099402
115,-0.07770492693014082,-0.09836540772272272,-0.04977196729129431,-0.06340076349260806,0.03753133599238979,0.017676988247059263,-0.06135050499905029,0.048118115794136385,0.011665943779703897,0.05000111101656076,0.015644921095094813,0.05724106559430321,0.016237965025977054,0.009990169830846855,-0.04851602508674317,-0.053245447210549204,-0.020215829104584457,-0.005471574626567208,0.028174901768129344,0.004640558798035426
116,-0.08726385146817543,-0.019925070512040826,-0.026260156218605623,-0.1519098847152583,0.007989673576598367,-0.03349148460869169,-0.037568134264759974,-0.024085558865593194,0.044028583633909164,0.0362894200636952,-0.03256001006922981,0.04683085601366717,-0.0014246452100833374,-0.043481162944047254,-0.021840013811514236,-0.06465171539687967,-0.03748313253974972,0.024759972229382584,-0.03584373237316712,-0.018511675956063785
117,-0.0018872025222521644,0.12564263629887162,0.009236730637228949,-0.08011726300574348,-0.05503581730083393,-0.05946341344959629,0.05553276016575551,-0.1116307059033209,0.03837875317608193,-0.045558555713904894,-0.04427459002101783,-0.045329002840287166,-0.030342276422702007,-0.053999569035878034,0.029720792053423636,-0.0005237649216333763,-0.0447111548389034,0.027109907922745882,-0.06459729928101501,-0.01884667188351282
118,0.02919434068002813,0.12378632093073604,-0.024549543397425933,0.035736260113726374,-0.054356619752161786,-0.03216626920321963,0.09170061635476248,-0.12320588266275859,0.021850457161944843,-0.08013136174097518,-0.003633621441028141,-0.09653039782296467,-0.03127398422858636,-0.023741667775869665,0.035258687221854296,0.03018477603907459,-0.036716289106262706,0.008322463798356352,-0.023065484401822288,-0.008369437008318381
119,0.027647853220250616,0.09413682055696529,-0.054902606043562,0.12314612318171834,-0.01673006734244346,-0.0028788620342582076,0.09477638451028206,-0.10226908267468783,0.0017411386422966496,-0.08282029338001524,0.038698076337917456,-0.11812274538591194,-0.03041448695648443,0.0023617016547153053,0.022847071402923906,0.0361042206123597,-0.013215501751209564,-0.009616220618107268,0.023596467662545785,0.00037511680785524276
120,0.0100642226082543,0.0677132612823885,0.012880430894215611,0.17647298311330756,0.05780730163521246,0.027056989860683132,0.011557751214700852,0.01525968919599939,-0.07535626908465821,-0.04929585393382168,0.07347183353940462,-0.08596973169543469,-0.0691713438992423,0.026637189979500202,0.03033191329182649,0.016136286394089247,0.06901455269845304,-0.039427035256279955,0.014429276556809912,0.011852976763118061
121,-0.03794689340827058,-0.07247347895798198,0.08168844815573346,0.06317195824422585,0.06246913630206025,0.04251674377789182,-0.10523234422727025,0.16276786577220284,-0.10457640692723884,0.04894335119664181,0.021608705941497476,0.06495784101465336,-0.025414620670953555,0.0421137079421983,0.017135136840015285,-0.02987772746143013,0.1028777517298475,-0.005870384563932121,-0.015717656634059066,0.017041885486249252
122,-0.03661919570885432,-0.11299052561383714,0.07644349730687412,0.0027068127373065702,0.02617686790600049,0.017763227078286956,-0.05916656369072039,0.14008263269790372,-0.0655184464132301,0.05456432775449852,-0.01266482206224838,0.07392907695555137,0.017122979355172825,0.027964966620208136,0.005499142817607019,-0.015445477136351107,0.062160744821001646,0.022735639149194964,0.004934698363937246,0.008479369372729972
123,-0.0015460296726868908,-0.12044303671522204,0.09369912148409648,-0.03554709437079487,-0.010460992161881736,-0.0248727537496073,0.028958366738960233,0.07542394781041029,-0.012680230553011996,0.04699708563697615,-0.04229186975890069,0.06624537477030631,0.0473580810045341,0.005608090213801218,0.0003360828869751428,0.0065245209930008844,-0.0012807919782084887,0.02280912340529809,0.013338965062192195,-0.009605063365308098
124,0.035993549415753855,-0.11314459096632994,0.052309974598558684,-0.025934501728995325,-0.0366850976734369,-0.05341237909346107,0.12175578952167772,-0.0349389780265568,0.0655548807550199,0.03817966602023682,-0.03616448073888827,0.038457178807359306,0.05858060642139408,-0.015538893862738861,-0.036891106432706065,0.02004504553595083,-0.08313460020909164,-0.0010430026974435698,0.030633958145833622,-0.004611573088705099
125,0.07499587845280813,-0.05640236446473669,0.04876441834885967,-0.053128536280508856,0.033161958308618324,0.0677583301328642,0.10267035008243439,-0.0932197743198811,0.11672964864443944,0.026141860235187168,-0.03040537543261006,0.037240414398629976,0.040992984324453564,-0.03672007041783709,-0.09069900505342837,0.019998874456357847,-0.10299915060531195,-0.0020566138336641543,0.043969661050626004,0.014122097818485285
126,0.06904942576400316,0.0020822282640374345,0.07052528094546526,-0.0789834980982783,0.07967883604978146,0.15628423878404638,-0.023513594547504648,-0.043156171366909774,0.0742750169140345,0.010880862381542428,-0.030972002977608208,0.061994257968122565,0.021415170092938134,-0.0298132408781428,-0.07211516821421053,-0.022745884482946344,-0.01162107784671566,-0.00015541783560766925,-0.0267573660854981,0.002859427674498326
127,0.054021632609768014,0.023678787036121363,0.05642595023834228,-0.06801183463267342,0.06583751698721313,0.14568640050456846,-0.1498130874967349,0.0013094662017580912,0.03822323706330824,0.025150528527477185,-0.022421671890577567,0.1166628958456579,0.013309889806237454,-0.0025935143162781867,-0.0647691089432061,-0.07503715960294963,0.06536336131426228,-0.02580110519047216,-0.09920134881948807,0.007885481775421272
128,-0.033768168612735246,-0.004877925769144147,-0.10458046320648913,0.055660429351890355,-0.05494175600644051,-0.049197656375822484,-0.21405354958953848,0.03668719289274617,0.0003791738749121393,0.04104916811864617,0.036727607273532636,0.0675721559272269,-0.041580887934184144,0.045200166672873104,0.03707650970415245,-0.049275631910363465,0.10998779044704744,-0.05875787941610711,-0.045657832960085895,0.022513202829223443
129,-0.05219621039335191,0.001735210248649007,-0.1274995682591084,0.07074301700957701,-0.07872833108425235,-0.11442761872031958,-0.06993456362598048,0.013195755827242939,-0.004794570200268713,0.01379149564846316,0.04147495979802193,-0.05062535323503513,-0.0523935393272077,0.021113819680791145,0.07721032207585965,0.022810762076009322,0.041675913814075524,-0.025245490019799328,0.03862386114411859,0.0016137213064391454
130,-0.04934500419214009,0.032535215817345836,-0.111163439169657,0.046476865904417596,-0.07966964081878346,-0.14048013900868045,-0.04396454805570542,0.025644768089683134,-0.011790657776562468,0.012057939116482948,0.0363158531334112,-0.10749824550893676,-0.08894156189048424,-0.01114852015321771,0.10566759209754598,0.059588840024076765,0.01581471639231121,-0.014184718833686704,0.05304305787856318,-0.0040179286437225055
131,-0.016610357047546397,0.12416482280486453,-0.014162846422714497,-0.04710122597585394,-0.031911313403625345,-0.10762290774388278,-0.004493600679692875,0.04104850512343778,-0.016332777348210675,-0.0008997726025495659,-0.001096367021733555,-0.11292948336961466,-0.08663329079405768,-0.05709166363429504,0.08653253505221828,0.06825136836753527,-0.05696364774250924,0.012003727995058618,0.030053158745717765,0.003151526560602297
132,0.021380237904588546,0.11912364355689016,0.05905982754133758,-0.09224522902157883,0.0364254283209653,0.041892747527372286,0.08078628280140512,-0.015925855015739093,-0.0015233551440414703,-0.03998422605703559,-0.03500061592112495,-0.0250366962892638,0.03707118372941414,-0.03436682303000715,-0.030092409450716145,-0.004583288647149171,-0.08735606605883468,0.039094514246245625,-0.01863058987358926,-0.008862790996541177
133,0.025804667989790423,0.07149881765859127,0.051819234137182105,-0.06383597128619477,0.04048362490246717,0.1285614491235467,0.1629695694898535,-0.07614975449772443,0.0009836190945347045,-0.06316721352141016,-0.03361176648414248,0.03733715108948267,0.13852761608614825,0.012383676313415323,-0.10591501762554101,-0.056932213940044704,-0.093641389146249,0.03931326557713368,-0.047919268421249744,-0.023445665360653862
134,-0.012288796462842604,-0.03671817069824409,-0.05146993341210106,0.05801721332266032,-0.018251070319741852,0.10067862512209819,0.22335612819274506,-0.11713523391528695,-0.020475468557934945,-0.06796395118532017,0.020384107478174852,0.05269858360611792,0.17813229783418696,0.06648674093082708,-0.1346711992816763,-0.057560605457329536,-0.05310897210292517,0.0016880161200585027,-0.040902243220811554,-0.021860244452310405
135,-0.016362999225410454,-0.07218118102249602,-0.05495601772607907,0.10472952883719192,-0.07532728464788825,-0.009523070232697262,0.19031975752389316,-0.07507913941338903,-0.048368933208492476,-0.047845287421178266,0.03941414572990776,0.00481884793625189,0.053706806105699084,0.04380675583817514,-0.07156752272486401,0.030615905540572346,0.04184719795285246,-0.04422272356686572,-0.003544296355485611,0.020110725755693875
136,0.01640856392301539,-0.10615554191330706,0.03287999645997044,0.035978464502686665,0.010567514791261551,-0.06165578690643794,-0.0233760021781611,0.03296264700250646,-0.06116069428116598,-0.06152979029687293,0.03675924289187801,-0.1019851790773433,-0.12465117882630612,0.024080821558331397,0.0852144545357837,0.11708889706288803,0.13025745394865465,-0.047664382870240524,0.049874701158425,0.06055004937753047
137,0.01046180431960556,-0.11478210605687605,0.022912430126545744,-0.0137746562416063,0.1279054142202377,-0.028776203461761775,-0.13434415543851755,0.04386556451530915,0.004472354061325217,-0.02927504295008153,0.023619910700160174,-0.07076191855930603,-0.06810104070490716,-0.01318368966923621,0.05182756878182894,0.03735313915425961,0.07052632060996568,0.008651745864713203,0.004061222140780095,0.008143800431799514
138,0.013635048818239119,-0.10044331759398463,0.03259836170097342,-0.03803740132735552,0.1686434098061723,-0.037387715466345936,-0.12906561841496295,0.022479580641937114,0.0417295725838731,-0.011659144699226884,0.006939164730193261,-0.025592940997573706,-0.031570168979121405,-0.03502269195868638,0.027648882696055303,-0.005648265167641328,0.018996577028017547,0.02895625675032471,-0.019552907117401687,-0.008395792379697443
139,-0.02359329792069209,-0.10637313362745059,-0.03623787666180968,0.010272784028636251,0.11360470329258086,-0.0074350449041658915,-0.15703908923088014,0.01158721543254108,0.03320227445278082,0.042473647641978814,-0.011090696646733018,0.06123407364248144,0.015268587051813512,0.005031457761710909,0.02966818174970351,-0.0883327740375853,-0.011501858410181264,0.06461045198892729,0.01275236962765967,-0.0661556742331759
140,-0.03701128877186473,0.048839551275428376,-0.07075703074927696,0.08080939819684098,-0.1446885324666297,0.06612481220922833,-0.01705213439132963,0.02104849600939877,-0.05102255248126159,0.0869318984232737,-0.03267299087931982,0.10235219659538826,-0.011069865250137194,-0.00047926207523790016,-0.009000055108518574,-0.06927659356728824,0.05141108530674256,0.011995929780216154,0.0010091732394311758,-0.1082646647810024
141,0.020808796474770807,0.13246789675243495,0.0476056442779486,-0.002153940227878714,-0.11160740609085776,0.01707036871005757,0.011159378139129454,0.028861185100747734,-0.019086394864916412,0.05059436514970678,-0.02923320348250923,0.04761092104954904,-0.027770515154598534,-0.0162913118353785,-0.006407600471339054,0.002927798928003378,0.005063715358801178,-0.024727041618178007,-0.01690128622225678,0.0032988120871518564
142,0.02469382066338721,0.13383928527239736,0.054374916797970435,-0.014369443124806779,-0.10068346851976809,0.019929214491409223,0.0030159312706358873,0.031121997706666554,-0.008898221365808368,0.03582782329278859,-0.024666822149584447,0.03140011332057936,-0.016819402608841977,0.001596783881038329,0.0008902481706422802,0.014748309671667842,-0.020968080705177868,-0.027988439048079475,0.008973818239439218,0.045742616240160086
143,-0.010126532440052651,0.06814005695391985,0.003992084591700023,-0.01821194114396965,-0.15416643494284896,0.1298677401244519,-0.0192357045348817,0.03497680166326779,-0.008973240506393898,0.016336501016897605,0.011953451464751352,0.0009088074498855613,0.048592520303565416,0.0954481508380334,0.00014569227837450834,0.015506598426012562,-0.09821157764260446,-0.01837010675215805,0.14988549977557966,0.1818013652009066
144,-0.03565624324544094,-0.12978505286980904,-0.07457172732146107,0.004607267420679055,0.01934574105477511,0.0563806596731109,0.0010579764834130825,-0.03568450897689597,-0.0017473359582748735,-0.04138125880094381,0.03920223694029609,-0.03627671727333838,0.03733424483399322,0.030008337752428435,-0.020133864249280885,-0.022733937122711635,0.004206705167817531,0.025989587122140858,0.023490653659732862,0.01754931917628059
145,-0.017222720045434636,-0.14168799098151516,-0.03565531800226398,-0.022645011813445567,0.0693881608635528,-0.0260583306108738,0.041347744861298386,-0.046389222135320374,0.010789766836126825,-0.038417074991513485,0.013053955264130272,-0.030536489188427458,0.010162088928036734,-0.0137581553675334,-0.01823889504312875,-0.01879196826486343,0.025821971832546916,0.03565000058462572,-0.04508631608878356,-0.014285374468876835
146,0.018312903665503526,-0.07540586275171055,0.053324379099128544,-0.040769038874226345,0.11122478791772376,-0.17915674745239532,0.1098733016142074,-0.026666317753014458,0.0312123052553053,0.0007630177276915338,-0.03887807890816844,0.009271819026636742,-0.007770627689056256,-0.03845234635983191,0.02898048211919501,0.004958059066751577,-0.011249388184949229,0.014178989322295573,-0.0702682139268569,-0.054410180190163804
147,0.019071112955541585,0.01813490266296936,0.051114095626729604,0.050033551475991436,0.10442545789102634,-0.21118490189462258,0.09315058068281329,0.02631787206598738,0.057168979436881505,0.0563456568256547,-0.03484426552645177,0.03653014166095482,0.015608174555121656,-0.022957554239152734,0.05487626432718583,0.04576379061481452,-0.05802843392473098,-0.03512936725220333,0.009576338674555158,-0.10617502290020864
148,0.0036533083934850827,0.07709190899615094,-0.005015273157008913,0.12612935412298318,0.09521468704489397,-0.0901317210492944,-0.003126740124330424,0.06775295079582053,0.0851221112154285,0.06530917307140705,0.02149260910855086,0.00863977153839985,0.041067696905640244,-0.020006680664491162,0.02772984519891534,0.07783376096379084,-0.08589626073480956,-0.06494651850185178,0.1260298820790347,-0.07843658899959424
149,-0.012543652815186577,0.11425255685295518,-0.034748152643476325,0.06003226340149375,-0.0236197626104679,0.10969947161209978,-0.11219023284505139,0.05147265029890249,0.005978983253294302,0.005218390178278144,0.042012517507380776,-0.011573690908116076,0.01923158744703223,0.010364840798051314,0.014602995122777379,0.024085616197962657,-0.0377184767004065,-0.06803190924381516,0.12059723882216367,0.009577655074155164
150,-0.03310883085509855,0.009137644488048175,-0.06578512662072077,-0.012823169898432544,-0.07414780184486448,0.21409906706298837,-0.11039427335692845,-0.009097258892775408,-0.08107981325770747,-0.06738541652921567,0.03496269290959916,-0.04263227288117752,-0.023478713648483425,0.007979316157865584,-0.03936968085453916,-0.043335121240467005,0.09821381420687572,-0.014477963967660854,-0.022024300238702006,0.024969591325554083
151,0.027561299769949907,0.05894873508613963,0.05249102516318082,-0.10887629024701061,-0.06968550421805732,0.135135601879601,-0.06415095852443206,-0.038119537305544064,-0.06387336539198155,-0.06698602657862877,-0.004972183340596296,-0.0333128926747999,-0.08351737557830065,-0.02952922695093337,-0.0739467844320173,-0.045154156530240123,0.1322148394694631,0.024643171943579855,-0.17066902000743747,0.09762380932999104
152,0.04787947325424155,0.04612123349741068,0.09861972272656218,-0.0872675638500903,-0.04935501041829817,0.010186819293782389,-0.0444135033332356,-0.030715781920858616,-0.031015685384896685,-0.03109383969976369,-0.021482391721905345,0.0039975237571163265,-0.0824888815867325,0.04539250856229282,-0.03009509757894043,-0.011681317664935284,0.08162659251896004,0.06183403016626689,-0.16948634864324055,0.15046899431802138
153,-0.034477160625471404,-0.07796768565440883,-0.07936028749441078,0.11497399505268037,-0.013794314274421082,-0.05314609572857265,0.044487642713166145,0.01826098778582294,0.03840284669497171,0.06659138091487038,0.01820121881320006,0.029628307853970727,0.05220466352512475,0.07296089083867319,-0.017821892838705628,0.023061044493137305,-0.06492170809582191,0.08558678972767592,0.1488237558836976,0.08302079394761337
154,-0.005570252161836273,0.001164197742510253,0.0026839098182334323,0.06279484659589539,-0.027232499606697963,-0.09471874778690725,0.09329991320039635,0.014832779420391965,0.08751667224570195,0.1121041330146864,0.02100042103199,0.06670273237775105,0.12531089039706822,-0.020323113419816338,0.1056665843241041,0.04375314431301518,-0.2169818046295846,-0.061588203376832046,0.2980892713267389,-0.1065609356352536
155,0.03748517130582648,0.05717544949769229,0.10441286577067695,-0.07858863270114945,-0.028679781903411094,-0.041095747846326726,0.003256825504886633,-0.0017121426451198003,-0.01850795936897985,0.011872357281969328,-0.012899730355833177,0.013621958400014981,0.02340170513698535,-0.01968938844452769,0.1641967374852092,0.04947865136407601,-0.07758838317008085,-0.14771507043375384,-0.013681957704951758,-0.21467330190999181
156,0.03350941674274132,0.015402481169759497,0.10313004439153907,-0.09570444681456507,0.029593905535968384,-0.05759784175812489,-0.04743657802675902,0.0305085802630275,-0.10063666738211353,-0.022930174325564337,-0.05368232494432628,-0.012824110275451509,-0.035414184524981025,-0.006088669138016463,0.128084630352033,0.06954680312566809,-0.0025128739136503087,-0.10240968845803232,-0.14292998289676798,-0.2268376066396847
157,0.005659646184422551,-0.04534502267379873,-0.013840676896809826,-0.040243595713730984,0.15693993801408965,-0.09966834998630116,-0.07727557023321432,0.04221470448457077,-0.11264948949165834,-0.06657054254375165,-0.07355601045350954,-0.02106712388066147,-0.05637283231339027,-0.027722232599472835,-0.0441574666348692,0.04361810856454558,0.050533978549721636,0.06754810370328555,-0.061455035297756644,-0.05816476347198341
158,-0.0207261489645525,-0.03892852339604108,-0.10701173824430796,0.05035077190877387,0.12734484652956776,-0.08029893511142162,-0.005500539069493076,-0.0007037202105418019,-0.014637577169878858,-0.041451261334298224,-0.012267157763252644,0.0005751649363273136,-0.013367139047760108,-0.0003012439393796535,-0.14696831534827703,-0.01088013955747565,0.010992814085514144,0.1397830972468898,0.10596573165458896,0.14433908373338114
159,-0.022666331768569976,0.01539808685445674,-0.11711218606413401,0.08823208045306517,0.01710561071019803,-0.07203850644012558,0.06195330132120876,-0.05846644279341814,0.06568764340982809,-0.020911291971156796,0.037119089139803677,0.014650138318896642,0.027815840204271244,0.015524930994288706,-0.17108597586655858,-0.07541153316935038,0.001044272506137783,0.10521550966784075,0.07454098224083613,0.21932872242412663
160,-0.02530988644496603,0.006963587980188194,-0.07617262841767272,0.10671368287065418,-0.12755760619836157,-0.06636380359350028,0.06046585170943436,-0.060638781230411616,0.07728642548850899,0.044282412801205664,0.0652641201873022,0.01787454024213631,0.07574287156395536,0.015427403221754704,-0.1125414049266277,-0.11439806331974828,0.04011893710828251,-0.01898314000706896,-0.10614936388713624,0.08902212670249034
161,-0.01670443198421886,0.0041932555664973056,-0.02100347745156626,0.02618462866627057,-0.17065126976457184,0.1579678623289293,0.048839469573463884,-0.04600347399330018,0.047362876845908675,0.010626133276396029,0.03971458051771452,-0.010603824209223874,0.031601087878718286,-0.014010987722635392,0.015085463528812109,-0.07958999763170863,0.0717691866893498,-0.11048101861153574,-0.18163326571875485,-0.09398255554827838
162,-0.003910148460515381,-0.0021761012848991942,0.015514314464437615,-0.05534838393034302,-0.016864432405434254,0.27575616349298715,0.013692903971172524,-0.0028004996923325677,0.005748134845588067,-0.0465372528148206,-0.003908586193562491,-0.03135395720259267,-0.03449548155910264,-0.003323140996035102,0.0821768576676159,0.021991615611491704,0.005542302461545798,-0.006483542014355084,0.049347880399035385,-0.07346337897592242
163,0.01103147142737068,0.015339768532333691,0.03753038376468821,-0.0831302638918926,0.03987115377988393,0.24988213354840316,0.006906779866987678,0.0005272506542712677,0.004884242627786209,-0.045849247526865686,-0.011906393288849747,-0.05381905397618379,-0.05808685352991182,-0.0017767852737288533,0.07826916183516175,0.05314544313271433,-0.019304070330812332,0.05752801114720295,0.12151329942645372,-0.020277722088399716
164,0.04484505791138505,0.07095065099626724,0.11114942358720051,-0.09075267427694031,0.0498941592621325,-0.03539172258576818,-0.014016178940374574,0.004184104786158469,0.011083613075835733,0.002564434532231417,-0.02220368011906504,-0.04014366642719134,-0.04768883516514577,-0.02057028987002304,0.03540780606873079,0.05323536956435986,-0.04029913997996211,0.042955837547486046,0.04234046575307035,0.04875046900213128
165,0.004071407040474506,-0.0025779897138573475,0.016580098956498018,0.04802629637405631,-0.02737651701400789,-0.2695112404569853,-0.026431118373821554,0.007840833263875774,-0.009926993692588919,0.0558349370789052,0.011784542546630819,0.02162449178564895,0.04330433297582855,0.01722949859063861,-0.029924775182599308,-0.0034649235634450215,-0.01386141154124609,-0.03374349076275393,-0.07993550879871852,0.02662858188540165
166,-0.02519700495344471,-0.05090342969535062,-0.05466246163731226,0.09946324092129773,-0.05306934281987838,-0.21360662385350854,-0.012288438493368893,0.01444066491341678,-0.020822569338936302,0.050411153738941186,0.018252733193523246,0.034630979683314723,0.058512014564585144,0.010180226095993597,-0.05760375574146177,-0.019892348317749768,0.016291579135297808,-0.039259224585064735,-0.0917201383710434,-0.01421325246890754
167,-0.014048520106097981,-0.015224189182587531,-0.0438721998867801,0.08474391752202028,-0.030429394796321025,-0.24301017271868816,0.006923966235308724,0.03306906094888509,-0.022797775394873224,0.05732883768053734,-0.010960407383582546,0.05717937500715001,0.044979208991532446,-0.026931349869483284,-0.07523169871880261,-0.021646478793436084,0.014058992302824548,-0.04649577258483338,-0.09228739554707563,0.01245858176687396
168,0.03518551221573238,0.06276348304772775,0.0449147532068832,-0.0808566290308183,0.1311950860960083,0.017843471064369794,0.021122748059242386,0.03325330569394434,-0.011230669711614984,-0.006891522162478908,-0.0703609563797528,0.07961232014793825,-0.03153729440354333,-0.013355180924889958,0.0782729375679409,-0.012526299108469273,-0.07125758744834947,-0.027219047713031106,0.11132986699764652,0.06806522574196933
169,0.02225188339735251,0.03892328459833151,0.02809517854650491,-0.09133114107804742,0.0982196674872554,0.21048523735301206,0.01536940022846725,-0.01091673165853061,0.004808335881031113,-0.05487200592955638,-0.025912929876253685,0.001558088649226727,-0.047207540876244215,0.016650124162795016,0.09582432197260926,0.0037774404151126838,-0.04918748117788841,0.029049626150183288,0.15738047278084105,0.01667234654647645
170,0.013179088021453214,-0.0017562712776116216,0.0160057074820949,-0.07711158015158019,0.08145585930071388,0.24356586979479325,-0.0029306148252205323,-0.031486291415068555,0.012420453405157864,-0.06081032642352682,-0.00031857114885419993,-0.029807341253987804,-0.04603498214284544,0.028061709549011243,0.08264119900407407,0.0032744866151848302,-0.014168004886856853,0.05011270085336536,0.1329245878867239,-0.037210306892431204
171,-0.034833510014429844,-0.09783294535358604,-0.06733259770398949,0.05205734000267691,-0.049691247147124515,0.09307743965701103,-0.030063742369572828,-0.0365027321770053,-0.0070951724883341425,-0.02213773631536968,0.04361530634647002,-0.04772461878846887,0.010109758442847113,0.009255743303466226,-0.046544060972334274,-0.017942874438337843,0.0942534128204675,0.017997220502359454,-0.08467229074139723,-0.1463726694755844
172,-0.04577211698270637,-0.09132958127116501,-0.07000037744847079,0.08036144951813522,-0.07932794816446372,0.02614285132023413,-0.016879869695994643,0.0029906329311810516,0.0013994509590298096,0.005136802265215509,0.03876680704111362,-0.02780950368076651,0.01650266554265192,-0.025656656655135016,-0.13864160670380926,0.0033300137809942447,0.11959772732378636,0.023791892027001466,-0.11404351850935417,-0.1061174806800932
173,0.008627617529808852,0.021082136928648777,0.09797778792399651,-0.02638314722346947,-0.05770395529277242,-0.07158127792807453,-0.01857822092233283,0.05960408151974008,0.06044632771992592,0.06307273374382565,0.01009061722732564,0.018341873377522116,-0.018570122413197346,-0.01428881680355736,-0.1500191162934471,0.06288150545954248,0.0454650007627227,0.05265692932154204,-0.13314213427165011,0.12112086644103061
174,0.033097517687151676,0.06180608122756524,0.12100710515419112,-0.0738142025988332,0.01248870527549137,-0.06955178776517038,-0.028858287006989787,0.05135689720043887,0.03873596106534711,0.0662501686294796,-0.00798748572906681,0.03303196584284678,0.0037511221072361713,0.021537344664156327,0.018117668202043906,0.00986891302058289,-0.06875697715681474,-0.02002330311135532,0.0019444956637852389,0.22996110513246343
175,0.012819422021281592,-0.006233858822071117,0.0807591834688038,-0.04212933161684332,0.005571860854394479,-0.074017851423265,-0.10034409349906245,0.07458590326963101,-0.006276252675676136,0.08560081976685541,0.0063398329121170174,0.0609220808260927,0.07894587391903769,0.04666945880151081,0.16605800602312093,-0.06628953432128126,-0.1412634692853414,-0.13868205455087687,0.07347724989158229,0.2565262366633634
176,-0.042090596651218594,-0.09472042169885601,-0.08372628387806162,0.0746948731614969,-0.058866208451439125,0.024274522339847764,-0.03640735457806622,0.03352026641266325,-0.028048743691231393,-0.008520899278508614,0.011180175942126006,-0.015863870798732957,0.03219950118778277,-0.08227663341330316,0.046908535030980615,-0.00031444677731741477,-0.0171430118199662,-0.031140046244027202,0.027630978182005324,-0.10165662319334348
177,-0.003136922741902354,0.04660901608869782,-0.038504343500026114,0.03419776171513805,-0.07441420911492232,-0.03221783145830369,0.03323760711283318,0.009663054498031853,0.010879379554774617,-0.05422434568878998,-0.036382050849115305,-0.15366172113316995,-0.13217740178743242,-0.2444578303504502,-0.09233375291015318,0.10528576141029909,0.0724717354477292,0.11485712482099449,0.0021276013681352803,-0.2570875011972997
178,0.03701905623632,0.0916347324012309,0.024845927475905763,-0.03736999689338329,0.06306619697370656,-0.08541725782459741,0.019541507147530706,-0.03614751926076506,0.012131163358831451,-0.07118130112928793,-0.04079282398801207,-0.08742733660440724,-0.13569173502099752,0.02467031419564385,-0.04223339096469796,0.04982574364363864,0.06573847578867255,0.12618188181078688,-0.00791840651041188,-0.11419767307165521
179,0.029515546006072042,0.09016770640973143,-0.024343291838395977,-0.025329590764605746,0.10275465311872795,-0.07241733222263903,0.01985385136652196,-0.08113527389379534,-0.03175074005613366,-0.10211064146327954,0.008762621075039273,0.008912056471539333,-0.06548520715757558,0.1981060093272107,0.022819929482588458,-0.019460250548233683,0.04600015978496572,0.060017962089881895,-0.027487789151550257,0.03004350857345605
180,0.012393858963429337,0.03617038962924953,-0.060608648463939735,-0.009303053672865923,0.09188834636163494,-0.03692568415458013,0.013321914651716346,-0.11715092069471421,-0.09308660606098762,-0.10452257817539234,0.025101337969817276,0.14068331844849047,0.04133489673404011,0.20944230442386166,0.12819682847888347,-0.06859142806092873,-0.015395187751807954,-0.10921570106110255,-0.09917698043764706,0.11864952443745415
181,-0.024398511962467676,-0.03374049861449163,-0.07429597335280604,0.03516331143808792,-0.02092509160303524,0.0588550240046014,0.027995437441611683,-0.09065368051945458,-0.1204049630734613,-0.036543727519596184,-0.03282702698051992,0.12442742244325235,0.1646048669883891,-0.15723778271242148,0.08653617708595811,-0.044316624759345086,-0.07725086316321869,-0.18995470848688023,-0.06040680490936555,0.04788285596020521
182,-0.0074944817824691475,0.014632320086947396,0.04400087951524941,-0.004058698336612859,-0.07982564568638731,0.04932067915333796,0.06649163131279277,-0.02774516971463987,-0.013365136442022717,0.11059980267497105,-0.09706517037337957,-0.051048268350446915,0.1783723215864791,-0.3419598272785227,-0.09742730959838466,-0.00652153627266645,0.017891418315968494,-0.11421155652723004,0.07958771186150558,-0.04756417670885757
183,0.0004960085515685061,0.0301490224713045,0.07926104426999545,-0.008362468941095009,-0.11275490113385084,0.011092151763937977,0.0752474968022201,0.07248819726805542,0.1406287849921462,0.10948964151840297,-0.08896179517972423,-0.17036798216194513,0.004450092890466738,-0.040356814579834276,-0.18529000228405548,0.02535440703506583,0.021870453772393144,0.044176335986739326,0.09439987692723659,-0.03638848477310026
184,0.001473598470654411,0.02017737558383459,0.062361546492950885,-0.005233469644528124,-0.11025166424619169,-0.008339231775277069,0.05815504148878268,0.11467792515775219,0.17792240787876745,0.004637133998064223,0.026068874214614735,-0.12007069411320132,-0.12094013299143298,0.21414198244620075,-0.1503644040265607,0.004032458275828936,-0.004777138167917629,0.11775645265370209,0.017624524406312916,0.011381073066640091
185,0.0014502492543920912,0.013096756498827964,0.027336862766839276,-0.0042808687873223915,-0.09416468335807607,-0.014645087020049732,-0.006645237831953761,0.045086442227139936,0.07230845189490534,-0.0999607342559594,0.23102698875977987,0.0820042331433865,-0.09433300583509169,0.27026111927208657,0.05806576656675404,0.004839415063375726,-0.048793639036830816,0.03425218159257164,-0.12514010910949486,-0.014896621931720215
186,-0.014626782767461126,-0.04912635972723628,-0.04672883435536914,0.03653740089773327,-0.014126770394009298,0.020953057194667214,-0.03105852513752571,-0.044600000751479005,-0.08495089552963814,-0.07546842486719717,0.20093573367697873,0.21337757854683226,-0.0065089895109530505,-0.08519404355819103,0.1897738651038553,0.09700082312192775,-0.12055387501140166,-0.0201966225226416,-0.15547419940075222,-0.020563776770134906
187,0.012014140240302042,-0.00789179091765099,-0.02928784919874121,0.0008225759081093192,0.09437252926349163,0.018695505113589292,-0.03533947624246383,-0.16888366490731427,-0.1816719144314372,0.1617321252678117,0.03710906463149499,0.05119599531754638,0.05052881191630586,-0.21321037960709976,0.14903697006124647,0.04089385196637074,0.056545539136838185,-0.03520844684666474,-0.04828627514739274,0.12482259327190472
188,0.012649190679791703,0.0057068833861188715,-0.027268673733988894,-0.010742651977361366,0.10741367124991427,0.01741446015079838,-0.027232560390389522,-0.12039764899908684,-0.10953724330217629,0.19939256715664727,-0.16640874388023597,-0.16540548276343142,0.08862823655183975,-0.054563663228554944,0.029773576303889295,-0.06672831588578929,0.18489772743770916,-0.06869611835737331,0.0940890227128582,0.09888259947763384
189,-0.007740533126621084,-0.014323061096103104,-0.031711683262345344,-0.003227919264843684,0.07699642922636465,0.0003257562911095071,-0.01857012305978479,0.09215263687507941,0.05231357889678229,0.04009061736779219,-0.29845274166373187,-0.1976220807126583,0.048423624128471,0.12006903904325641,-0.07499733025479298,-0.1334632960278745,0.08749498619585744,-0.08966951121430963,0.10601321910664295,-0.06346820232844955
190,-0.018243527831281713,-0.005592187466467579,-0.004592788018927268,0.005236536181942189,-0.006923292837531828,-0.03254220002704364,0.0010756117368535098,0.2133550184203895,0.16234945648838983,-0.22087805186511342,-0.14291918440040513,0.005185472301320814,-0.03784049274393062,0.14247132702948995,-0.08947234158150728,-0.08739914978833876,-0.10749856306127663,-0.010869914871574984,0.04566125186616119,-0.06728618552441358
191,-0.0020183879590710743,0.01608234293394249,0.03861635220938756,-0.01010355372191084,-0.05875395096160281,-0.03797771606077034,-0.009664872701740379,0.11265799704978972,0.11251692589795662,-0.26729487476430625,0.16114972311733378,0.18438637622135134,-0.06773670559000555,-0.034473979052974675,-0.06515160848768808,0.01411014270134123,-0.07577429485450125,0.07283999300917804,0.060025885489301684,-0.03961544613679515
192,0.024529880632546,0.039101322470353056,0.05537791751144448,-0.019526203172711712,-0.029729259683562874,-0.013868805174262974,-0.008216680589954006,-0.09021651588847747,-0.03950743970266314,-0.007898694318607465,0.3222803613814297,0.16187837794363538,-0.039939727430621234,-0.1070764390000281,-0.023730928345167206,0.10706514342490712,-0.034873939544651386,0.144035955553116,0.09648012721205614,-0.051919316359411584
193,0.014955773522810446,0.007390077698531451,-0.01393979812927243,0.0192281949584646,0.015147008609368963,0.03243753916893773,-0.004808221588010378,-0.18491929185486308,-0.15255382077005658,0.2558298342758635,0.1496670211818291,-0.010601675544279505,-0.007180128565584587,-0.04033184460926367,-0.0027033072728104403,0.148386569562334,-0.056330714877605124,0.15206931390904402,0.02362302078107824,0.0004206863124572639
194,-0.010654800318174808,-0.03435593278208696,-0.07930589570720752,0.04745047888133812,0.049324398219125196,0.04586816627051446,0.007975598681068959,-0.08358658015510169,-0.12477278100082814,0.20873965149838358,-0.15162112059583294,-0.146501516720309,0.00040007838958005767,0.07425200228324029,0.010336005557698355,0.055732415237515515,-0.055788763407482865,0.050244857236925976,-0.08111993444679357,0.08273226526889149
195,-0.029258581689738106,-0.038205260348058476,-0.09134880071708075,0.04501074167938618,0.03062745627094189,0.029692801268110147,0.00961813823437746,0.06288648064841035,-0.02327876048566603,-0.008961747277879191,-0.26577097260408883,-0.10930562385634637,0.04847365575634125,0.10297252528014468,0.07854108343542461,-0.052390838493477976,-0.03153144939554765,-0.08396186646665602,-0.14297624188801283,0.05307369322791311
196,-0.03211259066331876,-0.04157020409808289,-0.035682404120507334,0.0162390454916617,-0.0011817048046120497,-0.00022998838031452855,0.012787279189542911,0.17137739516101935,0.09870830349273423,-0.2210417745547556,-0.17939587088850623,0.0756793234019825,0.05862280158096013,-0.10299177205512924,0.09857351052029946,-0.07876161262108253,0.0077017493282284435,-0.13982624995666576,-0.10066007202343476,-0.02643387417364571
197,0.013493084174537076,0.03749315995579125,0.0900201811214376,-0.06727040194108418,0.010093463536946696,-0.051237442638808466,0.0013208063303546333,0.09208548803399634,0.12367717000355785,-0.1419707049197232,0.05212945791392996,0.1423211061841781,0.029791384785863552,-0.1680366747944589,0.023861291298777766,-0.10961538602928185,0.15660682016438984,-0.08588910772529626,0.056661720100586316,0.03632231651503713
198,0.02976766492938524,0.03956799522174361,0.09918971290372587,-0.07152136708802777,-0.005218370414460384,-0.0337395901909773,-0.019060605423498127,-0.06482727227959129,0.03605456840505836,0.04775505880356795,0.2118127318540348,0.05267886318370318,0.016067746867783422,-0.01079561615091331,-0.06544104312407431,-0.06672611726344886,0.21144774519000994,0.012792296652757384,0.1447656098923403,-0.011670431381773119
199,0.02494110182276293,0.019513343318407903,0.05155181965984052,-0.05183450903912568,-0.007181212233284251,0.003098540781725272,-0.062094723525866424,-0.10084287505498203,-0.07400642104385115,0.22930699725714532,0.15807491417493857,-0.03801672699189675,-0.01831073803833359,0.15566640137419616,-0.14212578019156943,-0.0055530132035657605,0.0632492826027122,0.050424529809447116,0.0493671551995577,-0.16910189320940291
200,0.012095542244897839,-0.007544424592669857,0.01335149701956021,-0.005929665578935372,-0.022902871046645682,0.020613240241430863,-0.04300957092254658,-0.0580685001460969,-0.1252419999318848,0.15976323927819502,-0.07897272682580982,-0.09808461886300798,-0.10271790621100585,0.2210696373151217,-0.07576902195203747,0.11636660460421888,-0.33876792789221266,0.034714729218419685,-0.15346683046254328,-0.08080239629474736
201,-0.01732913756511652,-0.052886013349059124,-0.046321123454899714,0.06368498940461172,-0.07094666150761562,0.024172678691446067,0.01657320350098676,0.0017642168787061277,-0.04194455286955423,-0.1315260066560687,-0.15496678176650241,-0.04809218172785537,-0.10910527051021363,-0.041572781671012804,0.05879414679012236,0.15693410238348515,-0.26578079834694635,0.004967096103161581,-0.15173748036475063,0.11906054641735281
202,-0.027270012477184583,-0.048080676784185636,-0.08895798498532348,0.09445532894283905,-0.062775261364329,0.028125321310576577,0.07541123519647105,0.0035609817865909455,0.025011183570384066,-0.16116544105209313,-0.04706621476441236,-0.03840037054623764,-0.05296591528902007,-0.137416705236774,0.09744235849791141,0.07670423460369721,-0.027408870411486187,0.0282116916658077,0.010287841689421522,0.1275747374268187
203,-0.005400572027482788,0.05352023742904959,-0.07592333053795947,0.050753969165148356,-0.018405514895561192,-0.01866875171637082,0.11693464379234565,0.004162661422800575,0.08257563978072438,-0.10271970664101748,0.04078375609156307,-0.0649543003843389,0.019102899174129714,-0.14726168569425213,0.10577876660265742,-0.042981160096963955,0.2082856349877271,0.000437226167936736,0.10225424482401285,0.09600048242685978
204,0.030551126821921095,0.07358371328129247,0.052257205090609875,-0.051202215611203854,0.04726086681707169,-0.06645068221740125,0.09669049981274584,-0.03148840093651844,0.07242267210075093,0.007343534076625614,0.10748318586722233,-0.10645854264475646,0.05014767652789257,0.021528630444391128,0.05505329268228563,-0.10118146476703503,0.2031788910243971,-0.11767277702638147,0.051547645714843174,-0.017397168100620742
205,0.031369789422842125,0.015744842646891195,0.10896177551204146,-0.07804937647250201,0.0710426270860711,-0.06220534209892049,0.052321591690624225,-0.03201539124120896,0.016791067694603375,0.045403298455689065,0.09933698489761093,-0.08222980324265812,0.05759544622796058,0.11097241614333822,0.011753946005777175,-0.06379753690981968,0.0580512897192516,-0.10455687611356446,-0.04460220557424928,-0.10557495314182044
206,0.002896570325035886,-0.10926312287929393,0.1032298167753744,-0.04334025220525964,0.027730612918005763,0.002703453947239222,0.0029375932191486927,-0.03763355371895818,-0.01615672275613928,0.01709256382514599,0.030075798702400222,-0.007684207365309725,0.020515173015597615,0.06952284150939228,-0.0146566091370289,0.021645500201700314,-0.02622723476777397,-0.05577046663997857,-0.0803207813173929,-0.07887326727650905
207,-0.02464036818193585,-0.14172733773353027,0.022720353898250174,0.020578058242544585,-0.015367247802533504,0.048538713377234116,-0.023332852206205866,-0.008621230062074336,-0.021054290714151696,0.0003941804024178463,-0.014130566860479601,0.044786415861146844,-0.01647169493916184,0.0012980168691868234,-0.04699215458241052,0.05958237597206159,-0.05648185101458084,0.013375722856684438,-0.011725705260919723,0.0065289187251797885
208,-0.03257956378836704,-0.11282514222655421,-0.02110339664634285,0.05100641804169732,-0.03851067231922794,0.05510187586089465,-0.05746039965165545,0.042243014348823056,0.0003870502308708258,0.003770704555337432,-0.07842862529357852,0.11955219099050458,-0.03573697241716482,-0.08946435814415907,-0.07866321633763947,0.09308791817265427,-0.08106064293333307,0.09545687963348634,0.018735617877403264,0.05067424571319516
209,-0.011898281790124397,0.05373833234967956,-0.043555672538302975,0.02436084730849169,0.0050342375386897295,0.028026091961595005,-0.10820560790682217,0.10185209154594345,0.06890873100589069,0.08166485618263998,-0.12921301030852236,0.18470163207654983,0.02409596646147024,-0.11914510627678737,-0.130919097224514,0.043019702416593135,-0.04306454332133324,0.127817787679223,0.07754091401645191,0.023485478618143298
210,0.033418076026281524,0.11500574110879627,0.0431049553281051,-0.04375071616841271,0.051663809239374886,-0.02673676901655724,-0.022387915459478006,-0.007646400287917849,0.09284167719988053,0.0848325992127612,-0.022661424925475827,0.03999512238918711,0.03993069421772624,0.05284642404525321,-0.017225434165760042,-0.02727485321843871,0.01437903621839556,-0.027128621317723412,0.06468553096155372,0.035408351528809265
211,0.018859624369376694,-0.0002048841732761517,0.013585083805624428,-0.0002905115592332273,0.06645357460870474,0.014727480719036892,0.06856763429881388,-0.12782948872840127,0.15103233285841172,0.04590138116823157,0.07529108424344298,-0.05768482272308747,0.08712472222036545,0.23076179669643723,0.14512506662283853,-0.08034594668185663,0.07557823923668439,-0.16908103660772883,0.04176826751744335,-0.019831344626893423
212,-0.03144909792125201,-0.10148945568035748,-0.08095386058670744,0.0646812265533719,0.0005703565660586905,0.05714017397823085,0.06701199419363273,-0.03980122049116914,0.019217746391917208,-0.03399949059413711,0.0240328110629031,-0.019597800180017774,0.00526106059348324,0.02479534947691326,0.06816041127109279,-0.005313554313605159,0.049254227469145324,-0.025742005472492623,-0.042067240153982714,-0.05865533991199482
213,-0.00803090253155261,0.10736407455264363,-0.10635873711991992,0.02129015263922434,-0.02460826176170946,0.011433450349206294,-0.03621270022726175,0.04317236101298763,-0.09176172634526915,-0.01568064537780875,-0.02736658547790267,0.02258248163324301,-0.01964865860074163,-0.04272440701466009,-0.02863398452434444,-0.042921740504835895,0.0006121285789762859,0.07978728124726944,-0.035589090453746,0.0042225681922893185
214,0.010900314347181066,0.14011985638144464,-0.046310242924875115,-0.016795205066152022,-0.02394076762586697,-0.018494445631622607,-0.05911832501028294,0.042945322320813495,-0.08843665770756631,-0.016079162094007074,-0.012116943703543076,-0.004200089630589116,-0.005810485475596705,-0.018832949217917075,-0.04356047649294857,-0.05458850655452487,-0.021833535410147622,0.039884586860063534,-0.008113098046609504,0.03776091879031863
215,0.015683569675469806,0.14109054216523806,-0.01866050594236645,-0.028969969908926405,-0.0208808178143288,-0.035429526241564,-0.08689453463355429,0.04110914819080559,-0.08889073875630915,-0.025630820662106577,0.005333594962038314,-0.029348249325602316,0.02949388534859644,-0.00884228452100209,-0.043444019989615765,-0.06030435909228703,-0.0391927414113085,0.018397352111206335,0.015668191435428466,0.030072576644085677
216,0.011498611581156821,0.09048746631309126,0.019035998321168132,-0.03937942314202101,-0.032818793561341666,-0.05757469151682822,-0.16657550635759363,0.03402024241391429,-0.13023786202297588,-0.10225187452414522,0.06568061388072988,-0.12212522948760332,0.11808578546662188,-0.016297884424763043,-0.04205228023372162,-0.06863501042895659,-0.09557829275835296,-0.024115511014816998,0.05645160480060317,-0.015844706671723153
217,-0.038770651105392503,-0.10798820952044919,-0.05360000079835411,0.044211952707219254,-0.005334933745517495,0.004580680176546262,-0.09241630549090675,0.024780026432079,-0.031057122454826017,-0.058488755246508976,0.05479853584598906,-0.07197553686756068,0.10069752465544837,-0.030183852088560035,0.03465468279118042,-0.008099514472650641,-0.05304387492400053,0.02825698238664116,0.06716517916427572,-0.11977934666941753
218,-0.03653628395081693,-0.08859804134579637,-0.08329808813195914,0.04503435144364096,0.05532920619682608,0.02316984318081764,0.02702639160588237,0.0470974105210528,0.09364306370043149,0.09190683991965048,-0.04508825375654371,0.07546590413262956,-0.04379805702720109,-0.039038094952200814,0.12053880881065752,0.04614580810383178,0.039804123756770476,0.09507114989447972,0.02105289096209446,-0.15799443384954703
219,-0.0006643384455693732,-0.0016089683616754172,-0.026711285340810787,-0.008198789358190857,0.08346352857090522,0.02081188778847741,0.142266222600327,0.029229862906516496,0.16522066877932146,0.1844480154384945,-0.11540939384494883,0.17613489270903457,-0.1813623884287252,0.013491594637651344,0.16317473175929836,0.07217276849690418,0.09319065734450666,0.06687472899331055,-0.032239942478237825,-0.10047129563889393
220,0.006191572930965421,0.02927527372923344,-0.030158699854954868,0.005085408040737165,0.038025009107730164,0.038128704537546444,0.17668759585468202,-0.011382124863381717,0.11896166905947214,0.16622828613277432,-0.10596310994850962,0.20518163383206295,-0.18699167990248136,0.11105479353337835,0.12266770428463962,0.04713989077806263,0.08559885627178722,0.024490106179747007,-0.016472095545325714,0.001089935807783702
221,-0.025083082500481538,-0.08454301164487044,-0.06792861294987226,0.08191285511252859,-0.0451638652623672,0.07269915226862693,0.13799722538108827,-0.06812097411553336,0.015612184575797359,0.029197719432850617,-0.028252941703646776,0.11146573435253883,-0.06597070395902939,0.11801955593610504,0.0003540176864299489,0.013000276820169914,0.07301289054071972,-0.025834387321432072,0.01076083475671218,0.053838228713406155
222,0.012297253541820445,-0.10602234069524832,0.09019361238355333,0.011166201942815299,-0.05192565635149107,9.360082369667217e-05,0.07581603753726415,-0.09538735818299239,-0.01907376744108321,-0.08191681435170493,0.013683254679902026,-0.032701896888968365,0.011106712110335452,-0.02451145853954919,-0.08768905279441656,0.03327687726095092,0.043149387427232885,-0.076108108217262,-0.02387258519248868,0.08642756498113331
223,0.04398946090514581,0.0021677458504146367,0.15282088122979193,-0.05903832237259929,-0.027895083119515572,-0.05931820720381168,-0.03012229383157493,-0.06383232306014162,-0.02152456756924016,-0.0779055345812129,0.018788651399192557,-0.07777865710886436,0.05134982225759281,-0.055800595562432796,-0.0641667510340773,0.010789624809259924,-0.02560662604909019,-0.055427016642615054,-0.022423807368580913,0.08196919840100708
224,0.03877604848224737,-0.004726810395316665,0.15297789965122557,-0.06395139788358163,-0.014006079658840851,-0.062159371457867,-0.07412980020398446,-0.049134786205878765,-0.0003273957761066376,-0.07040967057977658,0.03769934041547412,-0.10639269512829887,0.0762793238222469,-0.04444741955830144,-0.03459991763797312,0.005906141713310076,-0.05113225604223428,-0.04255021125122615,-0.017776452646175073,0.060744394668933555
225,-0.025593800944797365,-0.1003154914890156,0.025425444436970937,0.006083498729029245,0.013903014669369098,0.0034694640094516532,-0.13056561584909587,0.01947672043478393,0.023320542865293673,-0.05848054349792454,0.11707516864258599,-0.17571143610140094,0.14534625633074733,0.019445898247766533,-0.010224795535492385,-0.007780716897882385,-0.09406005033552187,-0.006756634056746832,0.031342359191496395,-0.021492592250892537
226,-0.049219121146004796,-0.11267428796697677,-0.08050991081321374,0.052159416264760304,0.019909681931934275,0.060347666945708416,0.009406821015048666,0.046774406691340954,-0.0012740549765017806,-0.015733751048479218,0.0685086034785126,-0.06026228175149447,0.03896637383994238,0.024486731714539155,-0.01630928032544473,0.009588493140091622,-0.011426443673801648,-0.009438248936747882,0.011180679742544905,-0.05277488273319133
227,-0.05002190408551861,-0.08291695756804203,-0.10907590686232514,0.050354324942038196,0.0455725219250568,0.06845611407658707,0.06598015379731882,0.08956772538557037,-0.023078586749728968,0.005950217619935751,0.07644946561125296,-0.0395481877305959,0.0005089335618366852,-0.004622123331911155,-0.048115189041835794,0.017519946117314784,0.0041865953331323156,-0.014860387268563554,-0.010901742895667069,-0.03368581086645644
228,-0.008357428716686538,0.06779631182310632,-0.06327302887134506,-0.028662130301116254,0.13825849140020235,0.029216599933055698,0.1561585229381814,0.16527650245082923,-0.046847841749448824,0.05347820146148545,0.08872442778477366,-0.014136393680447213,-0.040011847853473864,-0.05662860190098024,-0.05941318916100019,0.035866456394756996,-0.0014630159439615112,-0.042726628100097204,-0.07306095412967498,0.062370384156472294
229,-0.008357428716686233,0.06779631182310653,-0.06327302887134302,-0.028662130301114763,0.13825849140020316,0.029216599933051743,0.15615852293818555,0.1652765024508275,-0.04684784174944684,0.053478201461486255,0.08872442778477264,-0.014136393680447484,-0.04001184785347888,-0.05662860190098252,-0.059413189160998324,0.03586645639475783,-0.0014630159439633795,-0.042726628100095934,-0.07306095412967219,0.06237038415647666
230,-0.008357428716686233,0.06779631182310653,-0.06327302887134302,-0.028662130301114763,0.13825849140020316,0.029216599933051743,0.15615852293818555,0.1652765024508275,-0.04684784174944684,0.053478201461486255,0.08872442778477264,-0.014136393680447484,-0.04001184785347888,-0.05662860190098252,-0.059413189160998324,0.03586645639475783,-0.0014630159439633795,-0.042726628100095934,-0.07306095412967219,0.06237038415647666
231,-0.008357428716686233,0.06779631182310653,-0.06327302887134302,-0.028662130301114756,0.13825849140020316,0.02921659993305175,0.15615852293818555,0.16527650245082753,-0.04684784174944685,0.05347820146148621,0.08872442778477269,-0.014136393680447525,-0.04001184785347891,-0.056628601900982574,-0.05941318916099835,0.03586645639475784,-0.0014630159439633864,-0.04272662810009592,-0.07306095412967216,0.062370384156476645
232,-0.008357428716686233,0.06779631182310653,-0.06327302887134302,-0.028662130301114763,0.13825849140020316,0.02921659993305175,0.15615852293818555,0.16527650245082756,-0.04684784174944685,0.05347820146148621,0.08872442778477269,-0.014136393680447522,-0.040011847853478895,-0.05662860190098256,-0.05941318916099838,0.0358664563947579,-0.0014630159439633379,-0.04272662810009596,-0.07306095412967221,0.06237038415647667
233,-0.008357428716686233,0.06779631182310655,-0.06327302887134302,-0.02866213030111477,0.13825849140020316,0.029216599933051753,0.15615852293818555,0.16527650245082748,-0.04684784174944688,0.05347820146148626,0.08872442778477264,-0.014136393680447484,-0.04001184785347888,-0.056628601900982574,-0.059413189160998324,0.035866456394757884,-0.0014630159439633827,-0.042726628100095906,-0.07306095412967217,0.06237038415647667
